"workerid","strength","trial_num","sub_category","degree","gender","adjective","super_category","form","names","context","response","condition","target"
0,1,1,"""cup of iced tea""","""temperature""","""male""","""cold""","""beverages""","""negative""","""William""",""" takes their first sip from a cup of iced tea.""","""areas""","""context""","""cold"""
0,2,2,"""sedan""","""size""","""male""","""small""","""cars""","""negative""","""Greg""",""" gets into a sedan.""","""things""","""context""","""small"""
0,3,3,"""sunroom""","""darkness""","""female""","""dark""","""rooms""","""negative""","""Alicia""",""" walks into a sunroom in the middle of the day.""","""rooms""","""context""","""dark"""
0,2,4,"""cup of water""","""temperature""","""male""","""warm""","""beverages""","""positive""","""Alexander""",""" takes their first sip from a cup of water.""","""states""","""context""","""warm"""
0,1,5,"""porcupine""","""size""","""female""","""big""","""animals""","""positive""","""Claire""",""" sees a porcupine.""","""objects""","""context""","""big"""
0,3,6,"""day in Summer""","""temperature""","""female""","""cold""","""days of the year""","""negative""","""Jennifer""",""" lives in Maryland and steps outside in Summer.""","""places""","""context""","""cold"""
0,3,7,"""watermelon""","""weight""","""male""","""heavy""","""fruit""","""positive""","""Gary""",""" picks up a watermelon.""","""objects""","""context""","""heavy"""
0,1,8,"""sports car""","""size""","""female""","""big""","""cars""","""positive""","""Julia""",""" gets into a sports car.""","""things""","""context""","""big"""
0,2,9,"""runner""","""height""","""male""","""short""","""people""","""negative""","""Michael""",""" sees a runner.""","""people""","""context""",""" short"""
0,1,10,"""basement""","""darkness""","""male""","""dark""","""rooms""","""negative""","""Tom""",""" walks into a basement in the middle of the day.""","""rooms""","""context""","""dark"""
0,3,11,"""crystal flower vase""","""price""","""female""","""cheap""","""flower vases""","""negative""","""Veronica""",""" looks at the price of a flower vase made of crystal.""","""jewlery""","""context""",""" cheap"""
0,2,12,"""apple""","""weight""","""male""","""light""","""fruit""","""negative""","""Eric""",""" picks up an apple.""","""clothing""","""context""","""light"""
1,3,1,"""bike route from Los Angeles to San Francisco""","""time""","""female""","""long""","""ways of getting from Los Angeles to San Francisco""","""positive""","""Laura""",""" is shown a bike route from Los Angeles to San Francisco.""","""bike routes""","""context""","""long"""
1,2,2,"""city bike""","""price""","""male""","""cheap""","""bikes""","""negative""","""Daniel""",""" looks at the price of a city bike.""","""bikes""","""context""","""cheap"""
1,1,3,"""grape""","""weight""","""female""","""light""","""fruit""","""negative""","""Alicia""",""" picks up a grape.""","""fruits""","""context""","""light"""
1,1,4,"""gymnast""","""height""","""female""","""tall""","""people""","""positive""","""Kim""",""" sees a gymnast.""","""gymnasts""","""context""",""" tall"""
1,3,5,"""cup of coffee""","""temperature""","""male""","""warm""","""beverages""","""positive""","""Lee""",""" takes their first sip from a cup of coffee.""","""beverages""","""context""","""warm"""
1,3,6,"""sunroom""","""darkness""","""female""","""light""","""rooms""","""positive""","""Melinda""",""" walks into a sunroom in the middle of the day.""","""rooms""","""context""","""light"""
1,2,7,"""chimpanzee""","""size""","""female""","""small""","""animals""","""negative""","""Sophie""",""" sees a chimpanzee.""","""chimpanzees""","""context""","""small"""
1,1,8,"""reading lamp""","""weight""","""male""","""heavy""","""furniture""","""positive""","""Eric""",""" lifts up a reading lamp.""","""lamps""","""context""",""" heavy"""
1,1,9,"""porcupine""","""size""","""female""","""big""","""animals""","""positive""","""Michelle""",""" sees a porcupine.""","""porcupines""","""context""","""big"""
1,3,10,"""basketball player""","""height""","""female""","""short""","""people""","""negative""","""Stephanie""",""" sees a basketball player.""","""basketball players""","""context""",""" short"""
1,3,11,"""watermelon""","""weight""","""male""","""light""","""fruit""","""negative""","""Josh""",""" picks up a watermelon.""","""watermelons""","""context""","""light"""
1,2,12,"""day in Fall""","""temperature""","""female""","""warm""","""days of the year""","""positive""","""Mika""",""" lives in Maryland and steps outside in Fall.""","""fall days""","""context""","""warm"""
2,3,1,"""SUV""","""size""","""female""","""small""","""cars""","""negative""","""Maya""",""" gets into an SUV.""","""cars""","""context""","""small"""
2,1,2,"""basement""","""darkness""","""female""","""light""","""rooms""","""positive""","""Kathleen""",""" walks into a basement in the middle of the day.""","""dark basements""","""context""","""light"""
2,3,3,"""basketball player""","""height""","""male""","""short""","""people""","""negative""","""John""",""" sees a basketball player.""","""players""","""context""",""" short"""
2,3,4,"""sunroom""","""darkness""","""male""","""dark""","""rooms""","""negative""","""Anthony""",""" walks into a sunroom in the middle of the day.""","""areas of the house""","""context""","""dark"""
2,3,5,"""crystal flower vase""","""price""","""male""","""cheap""","""flower vases""","""negative""","""William""",""" looks at the price of a flower vase made of crystal.""","""flower vase made of crystal""","""context""",""" cheap"""
2,1,6,"""grape""","""weight""","""male""","""heavy""","""fruit""","""positive""","""Daniel""",""" picks up a grape.""","""grapes""","""context""","""heavy"""
2,3,7,"""elephant""","""size""","""female""","""big""","""animals""","""positive""","""Sophie""",""" sees an elephant.""","""animals""","""context""","""big"""
2,1,8,"""electric car""","""sound""","""male""","""loud""","""cars""","""positive""","""Robert""",""" takes an electric car for a test-drive.""","""The car is noisy""","""context""","""loud"""
2,1,9,"""gymnast""","""height""","""male""","""short""","""people""","""negative""","""Greg""",""" sees a gymnast.""","""gymnast""","""context""",""" short"""
2,1,10,"""porcupine""","""size""","""female""","""small""","""animals""","""negative""","""Mika""",""" sees a porcupine.""","""porcupine""","""context""","""small"""
2,2,11,"""apple""","""weight""","""male""","""light""","""fruit""","""negative""","""Simon""",""" picks up an apple.""","""apple""","""context""","""light"""
2,2,12,"""glass flower vase""","""price""","""male""","""cheap""","""flower vases""","""negative""","""Lee""",""" looks at the price of a flower vase made of glass.""","""flower vase""","""context""",""" cheap"""
3,2,1,"""apple""","""weight""","""female""","""light""","""fruit""","""negative""","""Sophie""",""" picks up an apple.""","""fruit""","""context""","""light"""
3,3,2,"""elephant""","""size""","""female""","""big""","""animals""","""positive""","""Kim""",""" sees an elephant.""","""animals""","""context""","""big"""
3,2,3,"""day in Fall""","""temperature""","""male""","""warm""","""days of the year""","""positive""","""John""",""" lives in Maryland and steps outside in Fall.""","""days""","""context""","""warm"""
3,3,4,"""crystal flower vase""","""price""","""female""","""cheap""","""flower vases""","""negative""","""Jasmine""",""" looks at the price of a flower vase made of crystal.""","""vases""","""context""",""" cheap"""
3,2,5,"""sedan""","""size""","""female""","""small""","""cars""","""negative""","""Michelle""",""" gets into a sedan.""","""cars""","""context""","""small"""
3,2,6,"""city bike""","""price""","""male""","""cheap""","""bikes""","""negative""","""Robert""",""" looks at the price of a city bike.""","""prices""","""context""","""cheap"""
3,3,7,"""day in Summer""","""temperature""","""male""","""cold""","""days of the year""","""negative""","""Greg""",""" lives in Maryland and steps outside in Summer.""","""summer days""","""context""","""cold"""
3,1,8,"""gymnast""","""height""","""male""","""short""","""people""","""negative""","""Gary""",""" sees a gymnast.""","""men""","""context""",""" short"""
3,3,9,"""bike route from Los Angeles to San Francisco""","""time""","""male""","""long""","""ways of getting from Los Angeles to San Francisco""","""positive""","""Gabriel""",""" is shown a bike route from Los Angeles to San Francisco.""","""bike routes""","""context""","""long"""
3,1,10,"""basement""","""darkness""","""male""","""dark""","""rooms""","""negative""","""Alexander""",""" walks into a basement in the middle of the day.""","""rooms in the house""","""context""","""dark"""
3,1,11,"""porcupine""","""size""","""female""","""small""","""animals""","""negative""","""Jennifer""",""" sees a porcupine.""","""animals""","""context""","""small"""
3,2,12,"""glass flower vase""","""price""","""female""","""expensive""","""flower vases""","""positive""","""Alicia""",""" looks at the price of a flower vase made of glass.""","""vase prices""","""context""",""" expensive"""
4,1,1,"""sports car""","""size""","""female""","""small""","""cars""","""negative""","""Mika""",""" gets into a sports car.""","""cars""","""context""","""small"""
4,1,2,"""electric car""","""sound""","""female""","""loud""","""cars""","""positive""","""Michelle""",""" takes an electric car for a test-drive.""","""electric cars""","""context""","""loud"""
4,2,3,"""runner""","""height""","""female""","""short""","""people""","""negative""","""Claire""",""" sees a runner.""","""men""","""context""",""" short"""
4,1,4,"""porcupine""","""size""","""female""","""big""","""animals""","""positive""","""Tanya""",""" sees a porcupine.""","""porcupines""","""context""","""big"""
4,2,5,"""family car""","""sound""","""female""","""quiet""","""cars""","""negative""","""Natalia""",""" takes a family car for a test-drive.""","""cars""","""context""","""quiet"""
4,3,6,"""sunroom""","""darkness""","""male""","""light""","""rooms""","""positive""","""Lee""",""" walks into a sunroom in the middle of the day.""","""rooms""","""context""","""light"""
4,3,7,"""SUV""","""size""","""female""","""small""","""cars""","""negative""","""Stephanie""",""" gets into an SUV.""","""SUV&quotecharS""","""context""","""small"""
4,3,8,"""electric bike""","""price""","""male""","""cheap""","""bikes""","""negative""","""Gabriel""",""" looks at the price of an electric bike.""","""bikes""","""context""","""cheap"""
4,1,9,"""gymnast""","""height""","""female""","""short""","""people""","""negative""","""Alicia""",""" sees a gymnast.""","""men""","""context""",""" short"""
4,1,10,"""grape""","""weight""","""female""","""light""","""fruit""","""negative""","""Julia""",""" picks up a grape.""","""fruits""","""context""","""light"""
4,2,11,"""living room""","""darkness""","""male""","""dark""","""rooms""","""negative""","""Gary""",""" walks into a living room in the middle of the day.""","""rooms""","""context""","""dark"""
4,1,12,"""kids bike""","""price""","""male""","""expensive""","""bikes""","""positive""","""Stephen""",""" looks at the price of a kids bike.""","""kids bikes""","""context""","""expensive"""
5,3,1,"""elephant""","""size""","""female""","""big""","""animals""","""positive""","""Stephanie""",""" sees an elephant.""","""animals""","""context""","""big"""
5,2,2,"""day in Fall""","""temperature""","""female""","""warm""","""days of the year""","""positive""","""Maya""",""" lives in Maryland and steps outside in Fall.""","""fall days""","""context""","""warm"""
5,3,3,"""SUV""","""size""","""male""","""big""","""cars""","""positive""","""Charles""",""" gets into an SUV.""","""automobiles""","""context""","""big"""
5,1,4,"""plastic flower vase""","""price""","""female""","""cheap""","""flower vases""","""negative""","""Jasmine""",""" looks at the price of a flower vase made of plastic.""","""vases""","""context""",""" cheap"""
5,1,5,"""reading lamp""","""weight""","""female""","""light""","""furniture""","""negative""","""Kathleen""",""" lifts up a reading lamp.""","""lamps""","""context""",""" light"""
5,2,6,"""sedan""","""size""","""male""","""small""","""cars""","""negative""","""Stephen""",""" gets into a sedan.""","""sedans""","""context""","""small"""
5,3,7,"""wardrobe""","""weight""","""male""","""light""","""furniture""","""negative""","""Michael""",""" lifts up a wardrobe.""","""wardrobes of that size""","""context""",""" light"""
5,1,8,"""electric car""","""sound""","""male""","""quiet""","""cars""","""negative""","""Lee""",""" takes an electric car for a test-drive.""","""cars that he has driven""","""context""","""quiet"""
5,3,9,"""electric bike""","""price""","""male""","""cheap""","""bikes""","""negative""","""David""",""" looks at the price of an electric bike.""","""bikes like that one""","""context""","""cheap"""
5,3,10,"""muscle car""","""sound""","""female""","""loud""","""cars""","""positive""","""Melinda""",""" takes a muscle car for a test-drive.""","""cars""","""context""","""loud"""
5,2,11,"""city bike""","""price""","""male""","""cheap""","""bikes""","""negative""","""Robert""",""" looks at the price of a city bike.""","""city bikes""","""context""","""cheap"""
5,2,12,"""coffee table""","""weight""","""female""","""heavy""","""furniture""","""positive""","""Veronica""",""" lifts up a coffee table.""","""coffee tables""","""context""",""" heavy"""
6,3,1,"""SUV""","""size""","""male""","""small""","""cars""","""negative""","""Tom""",""" gets into an SUV.""","""SUV&quotechars ""","""context""","""small"""
6,1,2,"""basement""","""darkness""","""female""","""dark""","""rooms""","""negative""","""Veronica""",""" walks into a basement in the middle of the day.""","""spaces""","""context""","""dark"""
6,2,3,"""sedan""","""size""","""female""","""small""","""cars""","""negative""","""Kim""",""" gets into a sedan.""","""sedans""","""context""","""small"""
6,3,4,"""watermelon""","""weight""","""female""","""heavy""","""fruit""","""positive""","""Melinda""",""" picks up a watermelon.""","""watermelons ""","""context""","""heavy"""
6,3,5,"""cup of coffee""","""temperature""","""male""","""warm""","""beverages""","""positive""","""Michael""",""" takes their first sip from a cup of coffee.""","""cups of coffee""","""context""","""warm"""
6,1,6,"""sports car""","""size""","""female""","""small""","""cars""","""negative""","""Angela""",""" gets into a sports car.""","""sports cars""","""context""","""small"""
6,2,7,"""city bike""","""price""","""female""","""cheap""","""bikes""","""negative""","""Laura""",""" looks at the price of a city bike.""","""rental prices for city bikes""","""context""","""cheap"""
6,3,8,"""bike route from Los Angeles to San Francisco""","""time""","""male""","""short""","""ways of getting from Los Angeles to San Francisco""","""negative""","""Alexander""",""" is shown a bike route from Los Angeles to San Francisco.""","""bike routes from Los Angeles to San Francisco""","""context""","""short"""
6,3,9,"""crystal flower vase""","""price""","""male""","""expensive""","""flower vases""","""positive""","""Anthony""",""" looks at the price of a flower vase made of crystal.""","""flower vases made of crystal""","""context""",""" expensive"""
6,3,10,"""sunroom""","""darkness""","""female""","""light""","""rooms""","""positive""","""Michelle""",""" walks into a sunroom in the middle of the day.""","""spaces""","""context""","""light"""
6,3,11,"""elephant""","""size""","""female""","""big""","""animals""","""positive""","""Sophie""",""" sees an elephant.""","""things ""","""context""","""big"""
6,2,12,"""coffee table""","""weight""","""female""","""light""","""furniture""","""negative""","""Kim""",""" lifts up a coffee table.""","""coffee tables""","""context""",""" light"""
7,3,1,"""sunroom""","""darkness""","""female""","""dark""","""rooms""","""negative""","""Angela""",""" walks into a sunroom in the middle of the day.""","""rooms""","""context""","""dark"""
7,1,2,"""flight from Los Angeles to San Francisco""","""time""","""female""","""short""","""ways of getting from Los Angeles to San Francisco""","""negative""","""Alicia""",""" is shown a flight from Los Angeles to San Francisco.""","""flight lengths""","""context""","""short"""
7,1,3,"""kids bike""","""price""","""female""","""expensive""","""bikes""","""positive""","""Claire""",""" looks at the price of a kids bike.""","""bikes""","""context""","""expensive"""
7,2,4,"""day in Fall""","""temperature""","""female""","""cold""","""days of the year""","""negative""","""Kim""",""" lives in Maryland and steps outside in Fall.""","""seasons""","""context""","""cold"""
7,3,5,"""SUV""","""size""","""male""","""small""","""cars""","""negative""","""Gary""",""" gets into an SUV.""","""SUVs""","""context""","""small"""
7,3,6,"""electric bike""","""price""","""female""","""expensive""","""bikes""","""positive""","""Tanya""",""" looks at the price of an electric bike.""","""electric bikes""","""context""","""expensive"""
7,3,7,"""muscle car""","""sound""","""male""","""quiet""","""cars""","""negative""","""Lee""",""" takes a muscle car for a test-drive.""","""muscle cars""","""context""","""quiet"""
7,2,8,"""chimpanzee""","""size""","""male""","""big""","""animals""","""positive""","""William""",""" sees a chimpanzee.""","""chimps""","""context""","""big"""
7,1,9,"""plastic flower vase""","""price""","""male""","""cheap""","""flower vases""","""negative""","""Daniel""",""" looks at the price of a flower vase made of plastic.""","""vases""","""context""",""" cheap"""
7,3,10,"""watermelon""","""weight""","""female""","""light""","""fruit""","""negative""","""Sophie""",""" picks up a watermelon.""","""watermelons""","""context""","""light"""
7,1,11,"""porcupine""","""size""","""male""","""big""","""animals""","""positive""","""Simon""",""" sees a porcupine.""","""porcupines""","""context""","""big"""
7,2,12,"""cup of water""","""temperature""","""female""","""warm""","""beverages""","""positive""","""Natalia""",""" takes their first sip from a cup of water.""","""cups of water""","""context""","""warm"""
8,2,1,"""apple""","""weight""","""male""","""heavy""","""fruit""","""positive""","""Stephen""",""" picks up an apple.""","""apple""","""context""","""heavy"""
8,1,2,"""cup of iced tea""","""temperature""","""male""","""cold""","""beverages""","""negative""","""Michael""",""" takes their first sip from a cup of iced tea.""","""ice""","""context""","""cold"""
8,3,3,"""basketball player""","""height""","""female""","""tall""","""people""","""positive""","""Jennifer""",""" sees a basketball player.""","""player""","""context""",""" tall"""
8,2,4,"""chimpanzee""","""size""","""female""","""big""","""animals""","""positive""","""Veronica""",""" sees a chimpanzee.""","""chimpanzee""","""context""","""big"""
8,1,5,"""grape""","""weight""","""male""","""heavy""","""fruit""","""positive""","""William""",""" picks up a grape.""","""grape""","""context""","""heavy"""
8,3,6,"""bike route from Los Angeles to San Francisco""","""time""","""female""","""long""","""ways of getting from Los Angeles to San Francisco""","""positive""","""Julia""",""" is shown a bike route from Los Angeles to San Francisco.""","""Long distance""","""context""","""long"""
8,2,7,"""city bike""","""price""","""male""","""expensive""","""bikes""","""positive""","""Greg""",""" looks at the price of a city bike.""","""bike cost is high""","""context""","""expensive"""
8,1,8,"""flight from Los Angeles to San Francisco""","""time""","""female""","""long""","""ways of getting from Los Angeles to San Francisco""","""positive""","""Alicia""",""" is shown a flight from Los Angeles to San Francisco.""","""long distance""","""context""","""long"""
8,2,9,"""living room""","""darkness""","""male""","""light""","""rooms""","""positive""","""John""",""" walks into a living room in the middle of the day.""","""light""","""context""","""light"""
8,1,10,"""plastic flower vase""","""price""","""male""","""expensive""","""flower vases""","""positive""","""Josh""",""" looks at the price of a flower vase made of plastic.""","""expensive""","""context""",""" expensive"""
8,2,11,"""driving route from Los Angeles to San Francisco""","""time""","""male""","""short""","""ways of getting from Los Angeles to San Francisco""","""negative""","""Tom""",""" is shown a driving route from Los Angeles to San Francisco.""","""short""","""context""","""short"""
8,3,12,"""elephant""","""size""","""female""","""big""","""animals""","""positive""","""Monica""",""" sees an elephant.""","""big""","""context""","""big"""
9,2,1,"""runner""","""height""","""female""","""tall""","""people""","""positive""","""Sophie""",""" sees a runner.""","""runners""","""context""",""" tall"""
9,2,2,"""living room""","""darkness""","""male""","""light""","""rooms""","""positive""","""Alexander""",""" walks into a living room in the middle of the day.""","""rooms""","""context""","""light"""
9,3,3,"""watermelon""","""weight""","""male""","""light""","""fruit""","""negative""","""Cameron""",""" picks up a watermelon.""","""fruits""","""context""","""light"""
9,3,4,"""SUV""","""size""","""female""","""small""","""cars""","""negative""","""Michelle""",""" gets into an SUV.""","""SUV&quotechars""","""context""","""small"""
9,1,5,"""grape""","""weight""","""male""","""heavy""","""fruit""","""positive""","""Eric""",""" picks up a grape.""","""grapes""","""context""","""heavy"""
9,2,6,"""glass flower vase""","""price""","""female""","""expensive""","""flower vases""","""positive""","""Laura""",""" looks at the price of a flower vase made of glass.""","""vases""","""context""",""" expensive"""
9,1,7,"""flight from Los Angeles to San Francisco""","""time""","""male""","""long""","""ways of getting from Los Angeles to San Francisco""","""positive""","""Michael""",""" is shown a flight from Los Angeles to San Francisco.""","""trips""","""context""","""long"""
9,2,8,"""family car""","""sound""","""male""","""loud""","""cars""","""positive""","""William""",""" takes a family car for a test-drive.""","""cars""","""context""","""loud"""
9,1,9,"""reading lamp""","""weight""","""male""","""heavy""","""furniture""","""positive""","""Anthony""",""" lifts up a reading lamp.""","""lamps""","""context""",""" heavy"""
9,1,10,"""plastic flower vase""","""price""","""male""","""cheap""","""flower vases""","""negative""","""Simon""",""" looks at the price of a flower vase made of plastic.""","""vases""","""context""",""" cheap"""
9,1,11,"""day in Winter""","""temperature""","""male""","""cold""","""days of the year""","""negative""","""John""",""" lives in Maryland and steps outside in Winter.""","""days""","""context""","""cold"""
9,3,12,"""electric bike""","""price""","""female""","""expensive""","""bikes""","""positive""","""Jennifer""",""" looks at the price of an electric bike.""","""bikes""","""context""","""expensive"""
10,3,1,"""basketball player""","""height""","""male""","""tall""","""people""","""positive""","""Gary""",""" sees a basketball player.""","""no""","""context""",""" tall"""
10,2,2,"""driving route from Los Angeles to San Francisco""","""time""","""male""","""long""","""ways of getting from Los Angeles to San Francisco""","""positive""","""Tom""",""" is shown a driving route from Los Angeles to San Francisco.""","""long""","""context""","""long"""
10,2,3,"""day in Fall""","""temperature""","""female""","""cold""","""days of the year""","""negative""","""Kim""",""" lives in Maryland and steps outside in Fall.""","""cold""","""context""","""cold"""
10,1,4,"""kids bike""","""price""","""female""","""cheap""","""bikes""","""negative""","""Laura""",""" looks at the price of a kids bike.""","""cheap""","""context""","""cheap"""
10,1,5,"""reading lamp""","""weight""","""female""","""light""","""furniture""","""negative""","""Mika""",""" lifts up a reading lamp.""","""light""","""context""",""" light"""
10,3,6,"""electric bike""","""price""","""male""","""expensive""","""bikes""","""positive""","""Simon""",""" looks at the price of an electric bike.""","""expensive""","""context""","""expensive"""
10,2,7,"""sedan""","""size""","""male""","""big""","""cars""","""positive""","""Alexander""",""" gets into a sedan.""","""big""","""context""","""big"""
10,1,8,"""electric car""","""sound""","""male""","""quiet""","""cars""","""negative""","""Eric""",""" takes an electric car for a test-drive.""","""quiet""","""context""","""quiet"""
10,1,9,"""day in Winter""","""temperature""","""female""","""cold""","""days of the year""","""negative""","""Claire""",""" lives in Maryland and steps outside in Winter.""","""cold""","""context""","""cold"""
10,2,10,"""runner""","""height""","""male""","""short""","""people""","""negative""","""Robert""",""" sees a runner.""","""short""","""context""",""" short"""
10,1,11,"""basement""","""darkness""","""male""","""dark""","""rooms""","""negative""","""Daniel""",""" walks into a basement in the middle of the day.""","""dark""","""context""","""dark"""
10,3,12,"""sunroom""","""darkness""","""female""","""dark""","""rooms""","""negative""","""Michelle""",""" walks into a sunroom in the middle of the day.""","""is""","""context""","""dark"""
11,3,1,"""sunroom""","""darkness""","""female""","""light""","""rooms""","""positive""","""Kathleen""",""" walks into a sunroom in the middle of the day.""","""rooms""","""context""","""light"""
11,3,2,"""crystal flower vase""","""price""","""female""","""expensive""","""flower vases""","""positive""","""Mika""",""" looks at the price of a flower vase made of crystal.""","""vases""","""context""",""" expensive"""
11,3,3,"""day in Summer""","""temperature""","""male""","""cold""","""days of the year""","""negative""","""William""",""" lives in Maryland and steps outside in Summer.""","""states""","""context""","""cold"""
11,1,4,"""basement""","""darkness""","""male""","""light""","""rooms""","""positive""","""Alexander""",""" walks into a basement in the middle of the day.""","""basements""","""context""","""light"""
11,1,5,"""gymnast""","""height""","""female""","""short""","""people""","""negative""","""Kim""",""" sees a gymnast.""","""gymnasts""","""context""",""" short"""
11,2,6,"""cup of water""","""temperature""","""male""","""warm""","""beverages""","""positive""","""John""",""" takes their first sip from a cup of water.""","""water""","""context""","""warm"""
11,2,7,"""living room""","""darkness""","""female""","""dark""","""rooms""","""negative""","""Monica""",""" walks into a living room in the middle of the day.""","""rooms""","""context""","""dark"""
11,2,8,"""driving route from Los Angeles to San Francisco""","""time""","""male""","""long""","""ways of getting from Los Angeles to San Francisco""","""positive""","""Charles""",""" is shown a driving route from Los Angeles to San Francisco.""","""routes""","""context""","""long"""
11,2,9,"""day in Fall""","""temperature""","""female""","""warm""","""days of the year""","""positive""","""Alicia""",""" lives in Maryland and steps outside in Fall.""","""states""","""context""","""warm"""
11,3,10,"""muscle car""","""sound""","""male""","""quiet""","""cars""","""negative""","""Simon""",""" takes a muscle car for a test-drive.""","""cars""","""context""","""quiet"""
11,1,11,"""sports car""","""size""","""female""","""small""","""cars""","""negative""","""Claire""",""" gets into a sports car.""","""cars""","""context""","""small"""
11,1,12,"""reading lamp""","""weight""","""female""","""light""","""furniture""","""negative""","""Veronica""",""" lifts up a reading lamp.""","""lamps""","""context""",""" light"""
12,1,1,"""plastic flower vase""","""price""","""female""","""cheap""","""flower vases""","""negative""","""Stephanie""",""" looks at the price of a flower vase made of plastic.""","""vases.""","""context""",""" cheap"""
12,3,2,"""elephant""","""size""","""female""","""small""","""animals""","""negative""","""Jennifer""",""" sees an elephant.""","""elephants.""","""context""","""small"""
12,1,3,"""grape""","""weight""","""female""","""light""","""fruit""","""negative""","""Tanya""",""" picks up a grape.""","""grapes""","""context""","""light"""
12,2,4,"""city bike""","""price""","""male""","""expensive""","""bikes""","""positive""","""Stephen""",""" looks at the price of a city bike.""","""bikes""","""context""","""expensive"""
12,1,5,"""sports car""","""size""","""male""","""small""","""cars""","""negative""","""Alexander""",""" gets into a sports car.""","""sports cars""","""context""","""small"""
12,2,6,"""living room""","""darkness""","""female""","""light""","""rooms""","""positive""","""Laura""",""" walks into a living room in the middle of the day.""","""living rooms""","""context""","""light"""
12,2,7,"""family car""","""sound""","""female""","""quiet""","""cars""","""negative""","""Julia""",""" takes a family car for a test-drive.""","""cars""","""context""","""quiet"""
12,2,8,"""sedan""","""size""","""male""","""small""","""cars""","""negative""","""Daniel""",""" gets into a sedan.""","""sedans""","""context""","""small"""
12,3,9,"""muscle car""","""sound""","""female""","""loud""","""cars""","""positive""","""Kim""",""" takes a muscle car for a test-drive.""","""muscle cars""","""context""","""loud"""
12,2,10,"""day in Fall""","""temperature""","""male""","""warm""","""days of the year""","""positive""","""Gary""",""" lives in Maryland and steps outside in Fall.""","""cities""","""context""","""warm"""
12,3,11,"""SUV""","""size""","""male""","""big""","""cars""","""positive""","""Gabriel""",""" gets into an SUV.""","""SUV&quotechars""","""context""","""big"""
12,2,12,"""coffee table""","""weight""","""female""","""light""","""furniture""","""negative""","""Kim""",""" lifts up a coffee table.""","""coffee tables""","""context""",""" light"""
13,3,1,"""elephant""","""size""","""female""","""small""","""animals""","""negative""","""Tanya""",""" sees an elephant.""","""elephants""","""context""","""small"""
13,3,2,"""cup of coffee""","""temperature""","""male""","""warm""","""beverages""","""positive""","""Lucas""",""" takes their first sip from a cup of coffee.""","""drinks""","""context""","""warm"""
13,1,3,"""sports car""","""size""","""male""","""small""","""cars""","""negative""","""Gary""",""" gets into a sports car.""","""cars""","""context""","""small"""
13,1,4,"""grape""","""weight""","""male""","""heavy""","""fruit""","""positive""","""Simon""",""" picks up a grape.""",""" grapes""","""context""","""heavy"""
13,2,5,"""runner""","""height""","""female""","""tall""","""people""","""positive""","""Kim""",""" sees a runner.""","""men""","""context""",""" tall"""
13,3,6,"""electric bike""","""price""","""male""","""cheap""","""bikes""","""negative""","""Daniel""",""" looks at the price of an electric bike.""","""electric bikes (price)""","""context""","""cheap"""
13,2,7,"""driving route from Los Angeles to San Francisco""","""time""","""female""","""long""","""ways of getting from Los Angeles to San Francisco""","""positive""","""Claire""",""" is shown a driving route from Los Angeles to San Francisco.""","""driving routes (between locations)""","""context""","""long"""
13,1,8,"""kids bike""","""price""","""female""","""expensive""","""bikes""","""positive""","""Veronica""",""" looks at the price of a kids bike.""","""kids bikes""","""context""","""expensive"""
13,1,9,"""porcupine""","""size""","""female""","""big""","""animals""","""positive""","""Laura""",""" sees a porcupine.""","""similar animals""","""context""","""big"""
13,3,10,"""SUV""","""size""","""male""","""small""","""cars""","""negative""","""David""",""" gets into an SUV.""","""SUVs""","""context""","""small"""
13,3,11,"""bike route from Los Angeles to San Francisco""","""time""","""female""","""long""","""ways of getting from Los Angeles to San Francisco""","""positive""","""Jennifer""",""" is shown a bike route from Los Angeles to San Francisco.""","""typical biking routes""","""context""","""long"""
13,2,12,"""family car""","""sound""","""female""","""loud""","""cars""","""positive""","""Mika""",""" takes a family car for a test-drive.""","""cars she&quotechars driven""","""context""","""loud"""
14,3,1,"""crystal flower vase""","""price""","""male""","""expensive""","""flower vases""","""positive""","""John""",""" looks at the price of a flower vase made of crystal.""","""vases""","""context""",""" expensive"""
14,2,2,"""driving route from Los Angeles to San Francisco""","""time""","""male""","""short""","""ways of getting from Los Angeles to San Francisco""","""negative""","""Michael""",""" is shown a driving route from Los Angeles to San Francisco.""","""routes""","""context""","""short"""
14,3,3,"""sunroom""","""darkness""","""male""","""light""","""rooms""","""positive""","""Robert""",""" walks into a sunroom in the middle of the day.""","""rooms""","""context""","""light"""
14,3,4,"""elephant""","""size""","""male""","""small""","""animals""","""negative""","""Lucas""",""" sees an elephant.""","""elephants""","""context""","""small"""
14,1,5,"""basement""","""darkness""","""female""","""light""","""rooms""","""positive""","""Monica""",""" walks into a basement in the middle of the day.""","""rooms""","""context""","""light"""
14,2,6,"""runner""","""height""","""male""","""short""","""people""","""negative""","""Greg""",""" sees a runner.""","""runners""","""context""",""" short"""
14,2,7,"""chimpanzee""","""size""","""male""","""big""","""animals""","""positive""","""Josh""",""" sees a chimpanzee.""","""chimpanzees""","""context""","""big"""
14,1,8,"""plastic flower vase""","""price""","""female""","""expensive""","""flower vases""","""positive""","""Julia""",""" looks at the price of a flower vase made of plastic.""","""vases""","""context""",""" expensive"""
14,2,9,"""family car""","""sound""","""female""","""quiet""","""cars""","""negative""","""Angela""",""" takes a family car for a test-drive.""","""cars""","""context""","""quiet"""
14,1,10,"""flight from Los Angeles to San Francisco""","""time""","""female""","""long""","""ways of getting from Los Angeles to San Francisco""","""positive""","""Stephanie""",""" is shown a flight from Los Angeles to San Francisco.""","""flights""","""context""","""long"""
14,1,11,"""grape""","""weight""","""female""","""light""","""fruit""","""negative""","""Kathleen""",""" picks up a grape.""","""grapes""","""context""","""light"""
14,2,12,"""city bike""","""price""","""male""","""cheap""","""bikes""","""negative""","""Simon""",""" looks at the price of a city bike.""","""bikes""","""context""","""cheap"""
15,1,1,"""gymnast""","""height""","""male""","""tall""","""people""","""positive""","""Josh""",""" sees a gymnast.""","""gymnasts""","""context""",""" tall"""
15,1,2,"""electric car""","""sound""","""female""","""quiet""","""cars""","""negative""","""Tanya""",""" takes an electric car for a test-drive.""","""cars""","""context""","""quiet"""
15,2,3,"""sedan""","""size""","""female""","""small""","""cars""","""negative""","""Julia""",""" gets into a sedan.""","""sedans""","""context""","""small"""
15,2,4,"""living room""","""darkness""","""male""","""light""","""rooms""","""positive""","""Gary""",""" walks into a living room in the middle of the day.""","""rooms""","""context""","""light"""
15,3,5,"""crystal flower vase""","""price""","""male""","""expensive""","""flower vases""","""positive""","""John""",""" looks at the price of a flower vase made of crystal.""","""vases""","""context""",""" expensive"""
15,1,6,"""flight from Los Angeles to San Francisco""","""time""","""female""","""long""","""ways of getting from Los Angeles to San Francisco""","""positive""","""Kathleen""",""" is shown a flight from Los Angeles to San Francisco.""","""trips""","""context""","""long"""
15,2,7,"""family car""","""sound""","""male""","""loud""","""cars""","""positive""","""Stephen""",""" takes a family car for a test-drive.""","""cars""","""context""","""loud"""
15,1,8,"""grape""","""weight""","""female""","""heavy""","""fruit""","""positive""","""Mika""",""" picks up a grape.""","""grapes""","""context""","""heavy"""
15,3,9,"""wardrobe""","""weight""","""female""","""heavy""","""furniture""","""positive""","""Natalia""",""" lifts up a wardrobe.""","""wardrobes""","""context""",""" heavy"""
15,3,10,"""elephant""","""size""","""male""","""small""","""animals""","""negative""","""Michael""",""" sees an elephant.""","""elephants""","""context""","""small"""
15,1,11,"""day in Winter""","""temperature""","""female""","""cold""","""days of the year""","""negative""","""Stephanie""",""" lives in Maryland and steps outside in Winter.""","""days""","""context""","""cold"""
15,3,12,"""basketball player""","""height""","""female""","""tall""","""people""","""positive""","""Veronica""",""" sees a basketball player.""","""men""","""context""",""" tall"""
16,3,1,"""bike route from Los Angeles to San Francisco""","""time""","""female""","""long""","""ways of getting from Los Angeles to San Francisco""","""positive""","""Angela""",""" is shown a bike route from Los Angeles to San Francisco.""","""bike routes""","""context""","""long"""
16,3,2,"""sunroom""","""darkness""","""female""","""light""","""rooms""","""positive""","""Alicia""",""" walks into a sunroom in the middle of the day.""","""sunrooms""","""context""","""light"""
16,3,3,"""muscle car""","""sound""","""female""","""loud""","""cars""","""positive""","""Sophie""",""" takes a muscle car for a test-drive.""","""muscle cars""","""context""","""loud"""
16,2,4,"""cup of water""","""temperature""","""male""","""cold""","""beverages""","""negative""","""Cameron""",""" takes their first sip from a cup of water.""","""cup of waters""","""context""","""cold"""
16,1,5,"""plastic flower vase""","""price""","""male""","""cheap""","""flower vases""","""negative""","""Anthony""",""" looks at the price of a flower vase made of plastic.""","""flower vases made of plastic""","""context""",""" cheap"""
16,3,6,"""watermelon""","""weight""","""female""","""heavy""","""fruit""","""positive""","""Melinda""",""" picks up a watermelon.""","""watermelons""","""context""","""heavy"""
16,2,7,"""chimpanzee""","""size""","""female""","""small""","""animals""","""negative""","""Mika""",""" sees a chimpanzee.""","""chimpanzees""","""context""","""small"""
16,3,8,"""crystal flower vase""","""price""","""male""","""cheap""","""flower vases""","""negative""","""William""",""" looks at the price of a flower vase made of crystal.""","""flower vases made of crystal""","""context""",""" cheap"""
16,1,9,"""cup of iced tea""","""temperature""","""female""","""cold""","""beverages""","""negative""","""Kim""",""" takes their first sip from a cup of iced tea.""","""cups of iced tea""","""context""","""cold"""
16,1,10,"""basement""","""darkness""","""female""","""dark""","""rooms""","""negative""","""Natalia""",""" walks into a basement in the middle of the day.""","""basements""","""context""","""dark"""
16,3,11,"""basketball player""","""height""","""female""","""tall""","""people""","""positive""","""Claire""",""" sees a basketball player.""","""basketball players""","""context""",""" tall"""
16,2,12,"""coffee table""","""weight""","""male""","""heavy""","""furniture""","""positive""","""Robert""",""" lifts up a coffee table.""","""coffee tables""","""context""",""" heavy"""
17,3,1,"""day in Summer""","""temperature""","""male""","""cold""","""days of the year""","""negative""","""Michael""",""" lives in Maryland and steps outside in Summer.""","""days in the past""","""context""","""cold"""
17,1,2,"""gymnast""","""height""","""female""","""short""","""people""","""negative""","""Mika""",""" sees a gymnast.""","""gymnasts""","""context""",""" short"""
17,3,3,"""muscle car""","""sound""","""female""","""quiet""","""cars""","""negative""","""Tanya""",""" takes a muscle car for a test-drive.""","""muscle cars""","""context""","""quiet"""
17,2,4,"""family car""","""sound""","""male""","""quiet""","""cars""","""negative""","""Greg""",""" takes a family car for a test-drive.""","""cars""","""context""","""quiet"""
17,1,5,"""reading lamp""","""weight""","""male""","""heavy""","""furniture""","""positive""","""Tom""",""" lifts up a reading lamp.""","""reading lamps""","""context""",""" heavy"""
17,1,6,"""basement""","""darkness""","""male""","""dark""","""rooms""","""negative""","""Daniel""",""" walks into a basement in the middle of the day.""","""rooms in the house""","""context""","""dark"""
17,1,7,"""sports car""","""size""","""female""","""big""","""cars""","""positive""","""Claire""",""" gets into a sports car.""","""sports cars""","""context""","""big"""
17,3,8,"""wardrobe""","""weight""","""male""","""heavy""","""furniture""","""positive""","""Stephen""",""" lifts up a wardrobe.""","""wardrobes ""","""context""",""" heavy"""
17,3,9,"""basketball player""","""height""","""female""","""short""","""people""","""negative""","""Jasmine""",""" sees a basketball player.""","""basketball players""","""context""",""" short"""
17,3,10,"""cup of coffee""","""temperature""","""female""","""warm""","""beverages""","""positive""","""Veronica""",""" takes their first sip from a cup of coffee.""","""fresh cups of coffee""","""context""","""warm"""
17,1,11,"""cup of iced tea""","""temperature""","""male""","""warm""","""beverages""","""positive""","""Cameron""",""" takes their first sip from a cup of iced tea.""","""cups of iced tea ""","""context""","""warm"""
17,2,12,"""city bike""","""price""","""male""","""expensive""","""bikes""","""positive""","""William""",""" looks at the price of a city bike.""","""bikes""","""context""","""expensive"""
18,1,1,"""day in Winter""","""temperature""","""female""","""warm""","""days of the year""","""positive""","""Jennifer""",""" lives in Maryland and steps outside in Winter.""","""cold""","""context""","""warm"""
18,1,2,"""plastic flower vase""","""price""","""female""","""expensive""","""flower vases""","""positive""","""Tanya""",""" looks at the price of a flower vase made of plastic.""","""poor""","""context""",""" expensive"""
18,1,3,"""cup of iced tea""","""temperature""","""female""","""warm""","""beverages""","""positive""","""Sophie""",""" takes their first sip from a cup of iced tea.""","""cold""","""context""","""warm"""
18,1,4,"""kids bike""","""price""","""female""","""cheap""","""bikes""","""negative""","""Angela""",""" looks at the price of a kids bike.""","""expensive""","""context""","""cheap"""
18,3,5,"""sunroom""","""darkness""","""female""","""light""","""rooms""","""positive""","""Michelle""",""" walks into a sunroom in the middle of the day.""","""dark""","""context""","""light"""
18,2,6,"""coffee table""","""weight""","""male""","""light""","""furniture""","""negative""","""Cameron""",""" lifts up a coffee table.""","""dark""","""context""",""" light"""
18,1,7,"""gymnast""","""height""","""male""","""short""","""people""","""negative""","""Simon""",""" sees a gymnast.""","""tall""","""context""",""" short"""
18,2,8,"""cup of water""","""temperature""","""female""","""cold""","""beverages""","""negative""","""Kim""",""" takes their first sip from a cup of water.""","""warm""","""context""","""cold"""
18,2,9,"""runner""","""height""","""male""","""tall""","""people""","""positive""","""Michael""",""" sees a runner.""","""people""","""context""",""" tall"""
18,3,10,"""watermelon""","""weight""","""female""","""heavy""","""fruit""","""positive""","""Veronica""",""" picks up a watermelon.""","""fruit""","""context""","""heavy"""
18,2,11,"""day in Fall""","""temperature""","""female""","""cold""","""days of the year""","""negative""","""Julia""",""" lives in Maryland and steps outside in Fall.""","""summer""","""context""","""cold"""
18,2,12,"""chimpanzee""","""size""","""male""","""big""","""animals""","""positive""","""Daniel""",""" sees a chimpanzee.""","""monkeys""","""context""","""big"""
19,3,1,"""crystal flower vase""","""price""","""female""","""cheap""","""flower vases""","""negative""","""Kim""",""" looks at the price of a flower vase made of crystal.""","""flower vases""","""context""",""" cheap"""
19,3,2,"""basketball player""","""height""","""female""","""short""","""people""","""negative""","""Veronica""",""" sees a basketball player.""","""basketball players""","""context""",""" short"""
19,3,3,"""electric bike""","""price""","""female""","""cheap""","""bikes""","""negative""","""Alicia""",""" looks at the price of an electric bike.""","""electric bikes""","""context""","""cheap"""
19,2,4,"""day in Fall""","""temperature""","""female""","""warm""","""days of the year""","""positive""","""Maya""",""" lives in Maryland and steps outside in Fall.""","""states in the Fall""","""context""","""warm"""
19,2,5,"""runner""","""height""","""female""","""short""","""people""","""negative""","""Kim""",""" sees a runner.""","""runners""","""context""",""" short"""
19,2,6,"""city bike""","""price""","""male""","""cheap""","""bikes""","""negative""","""Greg""",""" looks at the price of a city bike.""","""city bikes""","""context""","""cheap"""
19,3,7,"""cup of coffee""","""temperature""","""male""","""warm""","""beverages""","""positive""","""Josh""",""" takes their first sip from a cup of coffee.""","""drinks""","""context""","""warm"""
19,1,8,"""porcupine""","""size""","""male""","""small""","""animals""","""negative""","""Charles""",""" sees a porcupine.""","""porcupines""","""context""","""small"""
19,3,9,"""sunroom""","""darkness""","""male""","""light""","""rooms""","""positive""","""Michael""",""" walks into a sunroom in the middle of the day.""","""times of the day""","""context""","""light"""
19,3,10,"""bike route from Los Angeles to San Francisco""","""time""","""female""","""long""","""ways of getting from Los Angeles to San Francisco""","""positive""","""Mika""",""" is shown a bike route from Los Angeles to San Francisco.""","""routes""","""context""","""long"""
19,3,11,"""day in Summer""","""temperature""","""male""","""cold""","""days of the year""","""negative""","""Alexander""",""" lives in Maryland and steps outside in Summer.""","""states in the Summer""","""context""","""cold"""
19,1,12,"""flight from Los Angeles to San Francisco""","""time""","""female""","""short""","""ways of getting from Los Angeles to San Francisco""","""negative""","""Stephanie""",""" is shown a flight from Los Angeles to San Francisco.""","""routes""","""context""","""short"""
20,3,1,"""muscle car""","""sound""","""female""","""loud""","""cars""","""positive""","""Jasmine""",""" takes a muscle car for a test-drive.""","""cars""","""context""","""loud"""
20,2,2,"""apple""","""weight""","""male""","""light""","""fruit""","""negative""","""Tom""",""" picks up an apple.""","""fruit""","""context""","""light"""
20,3,3,"""basketball player""","""height""","""male""","""short""","""people""","""negative""","""David""",""" sees a basketball player.""","""basketball players""","""context""",""" short"""
20,1,4,"""flight from Los Angeles to San Francisco""","""time""","""female""","""short""","""ways of getting from Los Angeles to San Francisco""","""negative""","""Stephanie""",""" is shown a flight from Los Angeles to San Francisco.""","""flights""","""context""","""short"""
20,1,5,"""kids bike""","""price""","""female""","""expensive""","""bikes""","""positive""","""Kim""",""" looks at the price of a kids bike.""","""bikes""","""context""","""expensive"""
20,1,6,"""day in Winter""","""temperature""","""female""","""cold""","""days of the year""","""negative""","""Angela""",""" lives in Maryland and steps outside in Winter.""","""days""","""context""","""cold"""
20,2,7,"""glass flower vase""","""price""","""female""","""cheap""","""flower vases""","""negative""","""Claire""",""" looks at the price of a flower vase made of glass.""","""vases""","""context""",""" cheap"""
20,2,8,"""living room""","""darkness""","""female""","""light""","""rooms""","""positive""","""Jennifer""",""" walks into a living room in the middle of the day.""","""rooms""","""context""","""light"""
20,3,9,"""bike route from Los Angeles to San Francisco""","""time""","""male""","""short""","""ways of getting from Los Angeles to San Francisco""","""negative""","""Gabriel""",""" is shown a bike route from Los Angeles to San Francisco.""","""routes""","""context""","""short"""
20,2,10,"""chimpanzee""","""size""","""male""","""small""","""animals""","""negative""","""Lee""",""" sees a chimpanzee.""","""chimps""","""context""","""small"""
20,3,11,"""SUV""","""size""","""female""","""big""","""cars""","""positive""","""Laura""",""" gets into an SUV.""","""SUVS""","""context""","""big"""
20,3,12,"""electric bike""","""price""","""male""","""expensive""","""bikes""","""positive""","""William""",""" looks at the price of an electric bike.""","""bikes""","""context""","""expensive"""
21,3,1,"""basketball player""","""height""","""female""","""tall""","""people""","""positive""","""Natalia""",""" sees a basketball player.""","""people""","""context""",""" tall"""
21,1,2,"""cup of iced tea""","""temperature""","""male""","""warm""","""beverages""","""positive""","""Cameron""",""" takes their first sip from a cup of iced tea.""","""cold drinks""","""context""","""warm"""
21,2,3,"""living room""","""darkness""","""female""","""light""","""rooms""","""positive""","""Sophie""",""" walks into a living room in the middle of the day.""","""rooms""","""context""","""light"""
21,2,4,"""family car""","""sound""","""male""","""loud""","""cars""","""positive""","""Michael""",""" takes a family car for a test-drive.""","""cars""","""context""","""loud"""
21,1,5,"""reading lamp""","""weight""","""male""","""light""","""furniture""","""negative""","""Charles""",""" lifts up a reading lamp.""","""lamps""","""context""",""" light"""
21,1,6,"""day in Winter""","""temperature""","""female""","""warm""","""days of the year""","""positive""","""Maya""",""" lives in Maryland and steps outside in Winter.""","""winters""","""context""","""warm"""
21,3,7,"""elephant""","""size""","""male""","""big""","""animals""","""positive""","""Josh""",""" sees an elephant.""","""animals""","""context""","""big"""
21,3,8,"""muscle car""","""sound""","""male""","""loud""","""cars""","""positive""","""David""",""" takes a muscle car for a test-drive.""","""cars""","""context""","""loud"""
21,1,9,"""gymnast""","""height""","""female""","""tall""","""people""","""positive""","""Jennifer""",""" sees a gymnast.""","""people""","""context""",""" tall"""
21,3,10,"""cup of coffee""","""temperature""","""female""","""cold""","""beverages""","""negative""","""Jasmine""",""" takes their first sip from a cup of coffee.""","""cups of coffee""","""context""","""cold"""
21,3,11,"""crystal flower vase""","""price""","""female""","""expensive""","""flower vases""","""positive""","""Melinda""",""" looks at the price of a flower vase made of crystal.""","""vases""","""context""",""" expensive"""
21,2,12,"""cup of water""","""temperature""","""male""","""cold""","""beverages""","""negative""","""Stephen""",""" takes their first sip from a cup of water.""","""cups of water""","""context""","""cold"""
22,2,1,"""apple""","""weight""","""male""","""heavy""","""fruit""","""positive""","""Cameron""",""" picks up an apple.""","""other apples""","""context""","""heavy"""
22,3,2,"""bike route from Los Angeles to San Francisco""","""time""","""female""","""short""","""ways of getting from Los Angeles to San Francisco""","""negative""","""Alicia""",""" is shown a bike route from Los Angeles to San Francisco.""","""routes""","""context""","""short"""
22,2,3,"""city bike""","""price""","""female""","""cheap""","""bikes""","""negative""","""Kathleen""",""" looks at the price of a city bike.""","""other city bikes""","""context""","""cheap"""
22,2,4,"""chimpanzee""","""size""","""female""","""small""","""animals""","""negative""","""Julia""",""" sees a chimpanzee.""","""chimpanzees""","""context""","""small"""
22,3,5,"""electric bike""","""price""","""male""","""expensive""","""bikes""","""positive""","""Gabriel""",""" looks at the price of an electric bike.""","""other electronic bikes""","""context""","""expensive"""
22,1,6,"""porcupine""","""size""","""male""","""big""","""animals""","""positive""","""Josh""",""" sees a porcupine.""","""other animals of the kind""","""context""","""big"""
22,3,7,"""elephant""","""size""","""female""","""big""","""animals""","""positive""","""Angela""",""" sees an elephant.""","""elephants""","""context""","""big"""
22,3,8,"""basketball player""","""height""","""female""","""short""","""people""","""negative""","""Kim""",""" sees a basketball player.""","""basketball players ""","""context""",""" short"""
22,2,9,"""living room""","""darkness""","""male""","""dark""","""rooms""","""negative""","""David""",""" walks into a living room in the middle of the day.""","""other place outside""","""context""","""dark"""
22,2,10,"""runner""","""height""","""male""","""short""","""people""","""negative""","""William""",""" sees a runner.""","""runners""","""context""",""" short"""
22,3,11,"""cup of coffee""","""temperature""","""female""","""cold""","""beverages""","""negative""","""Jennifer""",""" takes their first sip from a cup of coffee.""","""cups of coffee""","""context""","""cold"""
22,1,12,"""reading lamp""","""weight""","""female""","""heavy""","""furniture""","""positive""","""Melinda""",""" lifts up a reading lamp.""","""lamps""","""context""",""" heavy"""
23,3,1,"""SUV""","""size""","""male""","""big""","""cars""","""positive""","""Gary""",""" gets into an SUV.""","""other vehicles""","""context""","""big"""
23,1,2,"""cup of iced tea""","""temperature""","""female""","""warm""","""beverages""","""positive""","""Veronica""",""" takes their first sip from a cup of iced tea.""","""it is not cold enough""","""context""","""warm"""
23,1,3,"""basement""","""darkness""","""male""","""light""","""rooms""","""positive""","""Lee""",""" walks into a basement in the middle of the day.""","""most basements""","""context""","""light"""
23,3,4,"""elephant""","""size""","""male""","""big""","""animals""","""positive""","""Robert""",""" sees an elephant.""","""the elephant is large""","""context""","""big"""
23,3,5,"""cup of coffee""","""temperature""","""female""","""warm""","""beverages""","""positive""","""Angela""",""" takes their first sip from a cup of coffee.""","""beverages""","""context""","""warm"""
23,3,6,"""day in Summer""","""temperature""","""female""","""warm""","""days of the year""","""positive""","""Laura""",""" lives in Maryland and steps outside in Summer.""","""days of the year""","""context""","""warm"""
23,1,7,"""plastic flower vase""","""price""","""male""","""expensive""","""flower vases""","""positive""","""John""",""" looks at the price of a flower vase made of plastic.""","""plastic vases""","""context""",""" expensive"""
23,1,8,"""electric car""","""sound""","""female""","""quiet""","""cars""","""negative""","""Melinda""",""" takes an electric car for a test-drive.""","""cars""","""context""","""quiet"""
23,1,9,"""grape""","""weight""","""male""","""heavy""","""fruit""","""positive""","""Cameron""",""" picks up a grape.""","""other grapes""","""context""","""heavy"""
23,2,10,"""sedan""","""size""","""female""","""small""","""cars""","""negative""","""Natalia""",""" gets into a sedan.""","""sedans""","""context""","""small"""
23,2,11,"""living room""","""darkness""","""male""","""dark""","""rooms""","""negative""","""Greg""",""" walks into a living room in the middle of the day.""","""rooms in the house""","""context""","""dark"""
23,3,12,"""watermelon""","""weight""","""female""","""light""","""fruit""","""negative""","""Alicia""",""" picks up a watermelon.""","""watermelons""","""context""","""light"""
24,2,1,"""day in Fall""","""temperature""","""male""","""cold""","""days of the year""","""negative""","""Gary""",""" lives in Maryland and steps outside in Fall.""","""seasons""","""context""","""cold"""
24,3,2,"""crystal flower vase""","""price""","""female""","""expensive""","""flower vases""","""positive""","""Julia""",""" looks at the price of a flower vase made of crystal.""","""vases""","""context""",""" expensive"""
24,3,3,"""bike route from Los Angeles to San Francisco""","""time""","""male""","""short""","""ways of getting from Los Angeles to San Francisco""","""negative""","""John""",""" is shown a bike route from Los Angeles to San Francisco.""","""routes""","""context""","""short"""
24,2,4,"""coffee table""","""weight""","""female""","""heavy""","""furniture""","""positive""","""Kim""",""" lifts up a coffee table.""","""furniture""","""context""",""" heavy"""
24,2,5,"""family car""","""sound""","""female""","""loud""","""cars""","""positive""","""Laura""",""" takes a family car for a test-drive.""","""cars""","""context""","""loud"""
24,2,6,"""chimpanzee""","""size""","""male""","""small""","""animals""","""negative""","""Cameron""",""" sees a chimpanzee.""","""chimpanzees""","""context""","""small"""
24,1,7,"""plastic flower vase""","""price""","""female""","""cheap""","""flower vases""","""negative""","""Mika""",""" looks at the price of a flower vase made of plastic.""","""vases""","""context""",""" cheap"""
24,1,8,"""basement""","""darkness""","""female""","""light""","""rooms""","""positive""","""Natalia""",""" walks into a basement in the middle of the day.""","""basement""","""context""","""light"""
24,3,9,"""elephant""","""size""","""male""","""small""","""animals""","""negative""","""Stephen""",""" sees an elephant.""","""elephants""","""context""","""small"""
24,1,10,"""porcupine""","""size""","""male""","""small""","""animals""","""negative""","""Eric""",""" sees a porcupine.""","""porcupines""","""context""","""small"""
24,2,11,"""living room""","""darkness""","""female""","""light""","""rooms""","""positive""","""Maya""",""" walks into a living room in the middle of the day.""","""rooms""","""context""","""light"""
24,3,12,"""SUV""","""size""","""female""","""small""","""cars""","""negative""","""Tanya""",""" gets into an SUV.""","""suvs""","""context""","""small"""
25,1,1,"""basement""","""darkness""","""female""","""light""","""rooms""","""positive""","""Sophie""",""" walks into a basement in the middle of the day.""","""SOCIABLE PERSON""","""context""","""light"""
25,1,2,"""cup of iced tea""","""temperature""","""female""","""cold""","""beverages""","""negative""","""Julia""",""" takes their first sip from a cup of iced tea.""","""CARE OF HIS FRIEND""","""context""","""cold"""
25,2,3,"""chimpanzee""","""size""","""female""","""small""","""animals""","""negative""","""Claire""",""" sees a chimpanzee.""","""ITS OPPOSITE OF BIG""","""context""","""small"""
25,2,4,"""runner""","""height""","""male""","""tall""","""people""","""positive""","""Robert""",""" sees a runner.""","""ITS OPPOSITE OF SHORT""","""context""",""" tall"""
25,1,5,"""day in Winter""","""temperature""","""male""","""cold""","""days of the year""","""negative""","""Daniel""",""" lives in Maryland and steps outside in Winter.""","""ITS OPPOSITE OF HOT""","""context""","""cold"""
25,2,6,"""family car""","""sound""","""female""","""quiet""","""cars""","""negative""","""Jasmine""",""" takes a family car for a test-drive.""","""ITS OPPOSITE OF NOISE""","""context""","""quiet"""
25,3,7,"""elephant""","""size""","""male""","""small""","""animals""","""negative""","""Lee""",""" sees an elephant.""","""ITS OPPOSITE OF BIG""","""context""","""small"""
25,2,8,"""apple""","""weight""","""male""","""light""","""fruit""","""negative""","""Alexander""",""" picks up an apple.""","""ITS OPPOSITE OF HARD""","""context""","""light"""
25,2,9,"""day in Fall""","""temperature""","""male""","""warm""","""days of the year""","""positive""","""William""",""" lives in Maryland and steps outside in Fall.""","""ITS OPPOSITE OF COLD""","""context""","""warm"""
25,1,10,"""gymnast""","""height""","""male""","""short""","""people""","""negative""","""David""",""" sees a gymnast.""","""ITS OPPOSITE OF BIG""","""context""",""" short"""
25,3,11,"""sunroom""","""darkness""","""male""","""dark""","""rooms""","""negative""","""Lucas""",""" walks into a sunroom in the middle of the day.""","""ITS OPPOSITE OF SHINE""","""context""","""dark"""
25,3,12,"""crystal flower vase""","""price""","""male""","""expensive""","""flower vases""","""positive""","""Greg""",""" looks at the price of a flower vase made of crystal.""","""ITS OPPOSITE OF UN EXPENSIVE""","""context""",""" expensive"""
26,2,1,"""family car""","""sound""","""female""","""quiet""","""cars""","""negative""","""Jasmine""",""" takes a family car for a test-drive.""","""car engines""","""context""","""quiet"""
26,3,2,"""elephant""","""size""","""female""","""big""","""animals""","""positive""","""Melinda""",""" sees an elephant.""","""animals""","""context""","""big"""
26,1,3,"""gymnast""","""height""","""male""","""short""","""people""","""negative""","""Greg""",""" sees a gymnast.""","""people""","""context""",""" short"""
26,2,4,"""city bike""","""price""","""female""","""cheap""","""bikes""","""negative""","""Angela""",""" looks at the price of a city bike.""","""bikes""","""context""","""cheap"""
26,2,5,"""day in Fall""","""temperature""","""male""","""cold""","""days of the year""","""negative""","""Michael""",""" lives in Maryland and steps outside in Fall.""","""days""","""context""","""cold"""
26,2,6,"""runner""","""height""","""male""","""short""","""people""","""negative""","""William""",""" sees a runner.""","""runners""","""context""",""" short"""
26,3,7,"""cup of coffee""","""temperature""","""female""","""warm""","""beverages""","""positive""","""Tanya""",""" takes their first sip from a cup of coffee.""","""cups of coffee he drank""","""context""","""warm"""
26,2,8,"""glass flower vase""","""price""","""female""","""cheap""","""flower vases""","""negative""","""Stephanie""",""" looks at the price of a flower vase made of glass.""","""vases""","""context""",""" cheap"""
26,1,9,"""cup of iced tea""","""temperature""","""male""","""warm""","""beverages""","""positive""","""Stephen""",""" takes their first sip from a cup of iced tea.""","""drinks that she had""","""context""","""warm"""
26,1,10,"""kids bike""","""price""","""male""","""expensive""","""bikes""","""positive""","""Alexander""",""" looks at the price of a kids bike.""","""bikes""","""context""","""expensive"""
26,2,11,"""living room""","""darkness""","""male""","""dark""","""rooms""","""negative""","""Anthony""",""" walks into a living room in the middle of the day.""","""rooms""","""context""","""dark"""
26,2,12,"""cup of water""","""temperature""","""male""","""cold""","""beverages""","""negative""","""Charles""",""" takes their first sip from a cup of water.""","""drinks""","""context""","""cold"""
27,1,1,"""plastic flower vase""","""price""","""female""","""expensive""","""flower vases""","""positive""","""Tanya""",""" looks at the price of a flower vase made of plastic.""","""plastic vases""","""context""",""" expensive"""
27,1,2,"""electric car""","""sound""","""female""","""loud""","""cars""","""positive""","""Natalia""",""" takes an electric car for a test-drive.""","""electric cars""","""context""","""loud"""
27,3,3,"""cup of coffee""","""temperature""","""female""","""cold""","""beverages""","""negative""","""Jennifer""",""" takes their first sip from a cup of coffee.""","""coffee""","""context""","""cold"""
27,3,4,"""watermelon""","""weight""","""male""","""light""","""fruit""","""negative""","""Cameron""",""" picks up a watermelon.""","""watermelons""","""context""","""light"""
27,2,5,"""chimpanzee""","""size""","""male""","""big""","""animals""","""positive""","""Josh""",""" sees a chimpanzee.""","""chimpanzees""","""context""","""big"""
27,2,6,"""living room""","""darkness""","""male""","""dark""","""rooms""","""negative""","""Gabriel""",""" walks into a living room in the middle of the day.""","""rooms""","""context""","""dark"""
27,3,7,"""muscle car""","""sound""","""male""","""loud""","""cars""","""positive""","""Daniel""",""" takes a muscle car for a test-drive.""","""cars""","""context""","""loud"""
27,1,8,"""sports car""","""size""","""male""","""big""","""cars""","""positive""","""Anthony""",""" gets into a sports car.""","""sports cars""","""context""","""big"""
27,3,9,"""wardrobe""","""weight""","""male""","""light""","""furniture""","""negative""","""Lee""",""" lifts up a wardrobe.""","""wardrobes""","""context""",""" light"""
27,3,10,"""SUV""","""size""","""male""","""big""","""cars""","""positive""","""Robert""",""" gets into an SUV.""","""SUVs""","""context""","""big"""
27,2,11,"""cup of water""","""temperature""","""female""","""cold""","""beverages""","""negative""","""Michelle""",""" takes their first sip from a cup of water.""","""water""","""context""","""cold"""
27,2,12,"""family car""","""sound""","""female""","""loud""","""cars""","""positive""","""Maya""",""" takes a family car for a test-drive.""","""cars""","""context""","""loud"""
28,1,1,"""electric car""","""sound""","""female""","""loud""","""cars""","""positive""","""Tanya""",""" takes an electric car for a test-drive.""","""cars""","""context""","""loud"""
28,1,2,"""flight from Los Angeles to San Francisco""","""time""","""female""","""short""","""ways of getting from Los Angeles to San Francisco""","""negative""","""Natalia""",""" is shown a flight from Los Angeles to San Francisco.""","""flights""","""context""","""short"""
28,3,3,"""cup of coffee""","""temperature""","""female""","""warm""","""beverages""","""positive""","""Monica""",""" takes their first sip from a cup of coffee.""","""coffee""","""context""","""warm"""
28,2,4,"""living room""","""darkness""","""male""","""light""","""rooms""","""positive""","""Gabriel""",""" walks into a living room in the middle of the day.""","""rooms""","""context""","""light"""
28,2,5,"""coffee table""","""weight""","""male""","""heavy""","""furniture""","""positive""","""William""",""" lifts up a coffee table.""","""coffee tables""","""context""",""" heavy"""
28,1,6,"""basement""","""darkness""","""male""","""light""","""rooms""","""positive""","""Lee""",""" walks into a basement in the middle of the day.""","""basements""","""context""","""light"""
28,3,7,"""crystal flower vase""","""price""","""male""","""expensive""","""flower vases""","""positive""","""Robert""",""" looks at the price of a flower vase made of crystal.""","""flower vases""","""context""",""" expensive"""
28,3,8,"""watermelon""","""weight""","""female""","""light""","""fruit""","""negative""","""Angela""",""" picks up a watermelon.""","""watermelons""","""context""","""light"""
28,1,9,"""plastic flower vase""","""price""","""female""","""expensive""","""flower vases""","""positive""","""Julia""",""" looks at the price of a flower vase made of plastic.""","""plastic flower vases""","""context""",""" expensive"""
28,3,10,"""sunroom""","""darkness""","""female""","""light""","""rooms""","""positive""","""Stephanie""",""" walks into a sunroom in the middle of the day.""","""sunrooms""","""context""","""light"""
28,3,11,"""day in Summer""","""temperature""","""male""","""warm""","""days of the year""","""positive""","""Simon""",""" lives in Maryland and steps outside in Summer.""","""seasons""","""context""","""warm"""
28,2,12,"""family car""","""sound""","""female""","""loud""","""cars""","""positive""","""Kathleen""",""" takes a family car for a test-drive.""","""family cars""","""context""","""loud"""
29,3,1,"""cup of coffee""","""temperature""","""male""","""cold""","""beverages""","""negative""","""Greg""",""" takes their first sip from a cup of coffee.""","""coffee""","""context""","""cold"""
29,2,2,"""chimpanzee""","""size""","""female""","""small""","""animals""","""negative""","""Monica""",""" sees a chimpanzee.""","""chimpanzee""","""context""","""small"""
29,2,3,"""living room""","""darkness""","""female""","""light""","""rooms""","""positive""","""Kim""",""" walks into a living room in the middle of the day.""","""days""","""context""","""light"""
29,1,4,"""electric car""","""sound""","""male""","""loud""","""cars""","""positive""","""David""",""" takes an electric car for a test-drive.""","""cars""","""context""","""loud"""
29,2,5,"""glass flower vase""","""price""","""female""","""cheap""","""flower vases""","""negative""","""Jasmine""",""" looks at the price of a flower vase made of glass.""","""vase""","""context""",""" cheap"""
29,3,6,"""crystal flower vase""","""price""","""female""","""expensive""","""flower vases""","""positive""","""Claire""",""" looks at the price of a flower vase made of crystal.""","""vase""","""context""",""" expensive"""
29,3,7,"""wardrobe""","""weight""","""male""","""light""","""furniture""","""negative""","""Robert""",""" lifts up a wardrobe.""","""wardrobe ""","""context""",""" light"""
29,2,8,"""day in Fall""","""temperature""","""female""","""warm""","""days of the year""","""positive""","""Sophie""",""" lives in Maryland and steps outside in Fall.""","""places""","""context""","""warm"""
29,3,9,"""muscle car""","""sound""","""female""","""loud""","""cars""","""positive""","""Kim""",""" takes a muscle car for a test-drive.""","""muscle cars""","""context""","""loud"""
29,1,10,"""flight from Los Angeles to San Francisco""","""time""","""female""","""short""","""ways of getting from Los Angeles to San Francisco""","""negative""","""Mika""",""" is shown a flight from Los Angeles to San Francisco.""","""flights to San Francisco""","""context""","""short"""
29,3,11,"""day in Summer""","""temperature""","""male""","""warm""","""days of the year""","""positive""","""Cameron""",""" lives in Maryland and steps outside in Summer.""",""" parts of Maryland""","""context""","""warm"""
29,1,12,"""plastic flower vase""","""price""","""female""","""cheap""","""flower vases""","""negative""","""Michelle""",""" looks at the price of a flower vase made of plastic.""","""vases that are plastic""","""context""",""" cheap"""
30,1,1,"""grape""","""weight""","""male""","""light""","""fruit""","""negative""","""Stephen""",""" picks up a grape.""","""grapes""","""context""","""light"""
30,1,2,"""electric car""","""sound""","""male""","""loud""","""cars""","""positive""","""Gabriel""",""" takes an electric car for a test-drive.""","""electric cars""","""context""","""loud"""
30,2,3,"""chimpanzee""","""size""","""female""","""small""","""animals""","""negative""","""Melinda""",""" sees a chimpanzee.""","""chimpanzees""","""context""","""small"""
30,2,4,"""sedan""","""size""","""male""","""big""","""cars""","""positive""","""Alexander""",""" gets into a sedan.""","""sedans""","""context""","""big"""
30,1,5,"""cup of iced tea""","""temperature""","""female""","""cold""","""beverages""","""negative""","""Laura""",""" takes their first sip from a cup of iced tea.""","""iced teas""","""context""","""cold"""
30,3,6,"""elephant""","""size""","""male""","""small""","""animals""","""negative""","""Gary""",""" sees an elephant.""","""elephants""","""context""","""small"""
30,1,7,"""porcupine""","""size""","""female""","""small""","""animals""","""negative""","""Alicia""",""" sees a porcupine.""","""porcupines""","""context""","""small"""
30,2,8,"""coffee table""","""weight""","""male""","""light""","""furniture""","""negative""","""Lucas""",""" lifts up a coffee table.""","""coffee tables""","""context""",""" light"""
30,2,9,"""runner""","""height""","""female""","""short""","""people""","""negative""","""Tanya""",""" sees a runner.""","""runners""","""context""",""" short"""
30,3,10,"""sunroom""","""darkness""","""male""","""light""","""rooms""","""positive""","""Tom""",""" walks into a sunroom in the middle of the day.""","""sunrooms""","""context""","""light"""
30,3,11,"""muscle car""","""sound""","""male""","""quiet""","""cars""","""negative""","""Lee""",""" takes a muscle car for a test-drive.""","""muscle cars""","""context""","""quiet"""
30,1,12,"""kids bike""","""price""","""female""","""cheap""","""bikes""","""negative""","""Jasmine""",""" looks at the price of a kids bike.""","""kids bikes""","""context""","""cheap"""
31,2,1,"""cup of water""","""temperature""","""male""","""cold""","""beverages""","""negative""","""Anthony""",""" takes their first sip from a cup of water.""","""refreshments""","""context""","""cold"""
31,2,2,"""apple""","""weight""","""male""","""heavy""","""fruit""","""positive""","""Daniel""",""" picks up an apple.""","""apples""","""context""","""heavy"""
31,1,3,"""grape""","""weight""","""male""","""light""","""fruit""","""negative""","""Robert""",""" picks up a grape.""","""snacks""","""context""","""light"""
31,3,4,"""basketball player""","""height""","""female""","""tall""","""people""","""positive""","""Melinda""",""" sees a basketball player.""","""men""","""context""",""" tall"""
31,3,5,"""wardrobe""","""weight""","""male""","""heavy""","""furniture""","""positive""","""Eric""",""" lifts up a wardrobe.""","""wardrobes""","""context""",""" heavy"""
31,2,6,"""glass flower vase""","""price""","""female""","""expensive""","""flower vases""","""positive""","""Tanya""",""" looks at the price of a flower vase made of glass.""","""vases""","""context""",""" expensive"""
31,3,7,"""crystal flower vase""","""price""","""female""","""cheap""","""flower vases""","""negative""","""Sophie""",""" looks at the price of a flower vase made of crystal.""","""prices""","""context""",""" cheap"""
31,3,8,"""watermelon""","""weight""","""male""","""heavy""","""fruit""","""positive""","""Charles""",""" picks up a watermelon.""","""watermelons""","""context""","""heavy"""
31,3,9,"""cup of coffee""","""temperature""","""male""","""cold""","""beverages""","""negative""","""Gary""",""" takes their first sip from a cup of coffee.""","""cups of coffee""","""context""","""cold"""
31,2,10,"""sedan""","""size""","""female""","""small""","""cars""","""negative""","""Alicia""",""" gets into a sedan.""","""sedans""","""context""","""small"""
31,2,11,"""driving route from Los Angeles to San Francisco""","""time""","""male""","""long""","""ways of getting from Los Angeles to San Francisco""","""positive""","""Lee""",""" is shown a driving route from Los Angeles to San Francisco.""","""routes""","""context""","""long"""
31,2,12,"""family car""","""sound""","""female""","""quiet""","""cars""","""negative""","""Kathleen""",""" takes a family car for a test-drive.""","""cars""","""context""","""quiet"""
32,2,1,"""apple""","""weight""","""female""","""heavy""","""fruit""","""positive""","""Stephanie""",""" picks up an apple.""","""fruits""","""context""","""heavy"""
32,2,2,"""coffee table""","""weight""","""male""","""heavy""","""furniture""","""positive""","""Tom""",""" lifts up a coffee table.""","""pieces of furniture""","""context""",""" heavy"""
32,2,3,"""cup of water""","""temperature""","""male""","""cold""","""beverages""","""negative""","""Lee""",""" takes their first sip from a cup of water.""","""drinks""","""context""","""cold"""
32,2,4,"""sedan""","""size""","""female""","""big""","""cars""","""positive""","""Laura""",""" gets into a sedan.""","""sedan-type vehicles""","""context""","""big"""
32,3,5,"""elephant""","""size""","""male""","""big""","""animals""","""positive""","""John""",""" sees an elephant.""","""animals""","""context""","""big"""
32,3,6,"""crystal flower vase""","""price""","""male""","""expensive""","""flower vases""","""positive""","""Anthony""",""" looks at the price of a flower vase made of crystal.""","""flower vases""","""context""",""" expensive"""
32,2,7,"""family car""","""sound""","""male""","""loud""","""cars""","""positive""","""Josh""",""" takes a family car for a test-drive.""","""cars""","""context""","""loud"""
32,1,8,"""cup of iced tea""","""temperature""","""male""","""cold""","""beverages""","""negative""","""Gary""",""" takes their first sip from a cup of iced tea.""","""teas""","""context""","""cold"""
32,1,9,"""grape""","""weight""","""male""","""heavy""","""fruit""","""positive""","""Lucas""",""" picks up a grape.""","""small fruits""","""context""","""heavy"""
32,1,10,"""reading lamp""","""weight""","""female""","""light""","""furniture""","""negative""","""Kim""",""" lifts up a reading lamp.""","""lamps""","""context""",""" light"""
32,1,11,"""sports car""","""size""","""female""","""small""","""cars""","""negative""","""Veronica""",""" gets into a sports car.""","""cars""","""context""","""small"""
32,2,12,"""living room""","""darkness""","""female""","""dark""","""rooms""","""negative""","""Tanya""",""" walks into a living room in the middle of the day.""","""rooms in mid-day""","""context""","""dark"""
33,1,1,"""plastic flower vase""","""price""","""female""","""cheap""","""flower vases""","""negative""","""Laura""",""" looks at the price of a flower vase made of plastic.""","""vases""","""context""",""" cheap"""
33,1,2,"""day in Winter""","""temperature""","""female""","""warm""","""days of the year""","""positive""","""Stephanie""",""" lives in Maryland and steps outside in Winter.""","""places""","""context""","""warm"""
33,3,3,"""electric bike""","""price""","""female""","""expensive""","""bikes""","""positive""","""Kim""",""" looks at the price of an electric bike.""","""electric bikes""","""context""","""expensive"""
33,3,4,"""SUV""","""size""","""male""","""small""","""cars""","""negative""","""William""",""" gets into an SUV.""","""SUVs""","""context""","""small"""
33,3,5,"""bike route from Los Angeles to San Francisco""","""time""","""female""","""short""","""ways of getting from Los Angeles to San Francisco""","""negative""","""Jennifer""",""" is shown a bike route from Los Angeles to San Francisco.""","""Bike routes""","""context""","""short"""
33,1,6,"""electric car""","""sound""","""female""","""loud""","""cars""","""positive""","""Veronica""",""" takes an electric car for a test-drive.""","""cars""","""context""","""loud"""
33,2,7,"""cup of water""","""temperature""","""male""","""cold""","""beverages""","""negative""","""David""",""" takes their first sip from a cup of water.""","""liquids""","""context""","""cold"""
33,3,8,"""cup of coffee""","""temperature""","""male""","""warm""","""beverages""","""positive""","""Lee""",""" takes their first sip from a cup of coffee.""","""cups of coffee""","""context""","""warm"""
33,1,9,"""kids bike""","""price""","""female""","""expensive""","""bikes""","""positive""","""Jasmine""",""" looks at the price of a kids bike.""","""bikes""","""context""","""expensive"""
33,1,10,"""basement""","""darkness""","""male""","""dark""","""rooms""","""negative""","""Robert""",""" walks into a basement in the middle of the day.""","""basements""","""context""","""dark"""
33,2,11,"""living room""","""darkness""","""male""","""light""","""rooms""","""positive""","""John""",""" walks into a living room in the middle of the day.""","""living rooms""","""context""","""light"""
33,2,12,"""city bike""","""price""","""male""","""cheap""","""bikes""","""negative""","""Cameron""",""" looks at the price of a city bike.""","""bikes""","""context""","""cheap"""
34,1,1,"""gymnast""","""height""","""female""","""short""","""people""","""negative""","""Tanya""",""" sees a gymnast.""","""men""","""context""",""" short"""
34,2,2,"""runner""","""height""","""male""","""short""","""people""","""negative""","""Lee""",""" sees a runner.""","""runners""","""context""",""" short"""
34,1,3,"""reading lamp""","""weight""","""female""","""light""","""furniture""","""negative""","""Angela""",""" lifts up a reading lamp.""","""reading lamps""","""context""",""" light"""
34,3,4,"""watermelon""","""weight""","""male""","""light""","""fruit""","""negative""","""Eric""",""" picks up a watermelon.""","""watermelons""","""context""","""light"""
34,2,5,"""cup of water""","""temperature""","""male""","""warm""","""beverages""","""positive""","""John""",""" takes their first sip from a cup of water.""","""cups of water""","""context""","""warm"""
34,1,6,"""sports car""","""size""","""male""","""big""","""cars""","""positive""","""Stephen""",""" gets into a sports car.""","""cars""","""context""","""big"""
34,1,7,"""grape""","""weight""","""female""","""heavy""","""fruit""","""positive""","""Kim""",""" picks up a grape.""","""grapes""","""context""","""heavy"""
34,1,8,"""plastic flower vase""","""price""","""male""","""cheap""","""flower vases""","""negative""","""Lucas""",""" looks at the price of a flower vase made of plastic.""","""vases""","""context""",""" cheap"""
34,2,9,"""living room""","""darkness""","""female""","""light""","""rooms""","""positive""","""Mika""",""" walks into a living room in the middle of the day.""","""rooms""","""context""","""light"""
34,3,10,"""bike route from Los Angeles to San Francisco""","""time""","""female""","""short""","""ways of getting from Los Angeles to San Francisco""","""negative""","""Jennifer""",""" is shown a bike route from Los Angeles to San Francisco.""","""routes""","""context""","""short"""
34,2,11,"""apple""","""weight""","""female""","""heavy""","""fruit""","""positive""","""Julia""",""" picks up an apple.""","""apples""","""context""","""heavy"""
34,2,12,"""family car""","""sound""","""male""","""quiet""","""cars""","""negative""","""William""",""" takes a family car for a test-drive.""","""cars""","""context""","""quiet"""
35,2,1,"""family car""","""sound""","""female""","""quiet""","""cars""","""negative""","""Alicia""",""" takes a family car for a test-drive.""","""cars""","""context""","""quiet"""
35,2,2,"""glass flower vase""","""price""","""male""","""cheap""","""flower vases""","""negative""","""Greg""",""" looks at the price of a flower vase made of glass.""","""vases""","""context""",""" cheap"""
35,2,3,"""apple""","""weight""","""male""","""light""","""fruit""","""negative""","""Anthony""",""" picks up an apple.""","""apples""","""context""","""light"""
35,3,4,"""electric bike""","""price""","""male""","""expensive""","""bikes""","""positive""","""Robert""",""" looks at the price of an electric bike.""","""bikes""","""context""","""expensive"""
35,3,5,"""crystal flower vase""","""price""","""male""","""cheap""","""flower vases""","""negative""","""Gary""",""" looks at the price of a flower vase made of crystal.""","""crystal pieces""","""context""",""" cheap"""
35,1,6,"""gymnast""","""height""","""female""","""tall""","""people""","""positive""","""Kim""",""" sees a gymnast.""","""gymnasts""","""context""",""" tall"""
35,2,7,"""living room""","""darkness""","""female""","""dark""","""rooms""","""negative""","""Claire""",""" walks into a living room in the middle of the day.""","""rooms""","""context""","""dark"""
35,3,8,"""elephant""","""size""","""male""","""small""","""animals""","""negative""","""Lee""",""" sees an elephant.""","""elephants""","""context""","""small"""
35,1,9,"""plastic flower vase""","""price""","""male""","""expensive""","""flower vases""","""positive""","""William""",""" looks at the price of a flower vase made of plastic.""","""plastic vases""","""context""",""" expensive"""
35,1,10,"""cup of iced tea""","""temperature""","""female""","""warm""","""beverages""","""positive""","""Jasmine""",""" takes their first sip from a cup of iced tea.""","""iced teas""","""context""","""warm"""
35,1,11,"""electric car""","""sound""","""male""","""quiet""","""cars""","""negative""","""Gabriel""",""" takes an electric car for a test-drive.""","""cars""","""context""","""quiet"""
35,2,12,"""chimpanzee""","""size""","""female""","""big""","""animals""","""positive""","""Jennifer""",""" sees a chimpanzee.""","""chimpanzees""","""context""","""big"""
