workerid,trial_num,degree,pos_adj,neg_adj,superordinate,positive,neither_nor,negative
s1,1,darkness,light,dark,humans,Europeans,Americans,Africans 
s11,4,darkness,light,dark,Space objects,Stars,Planets,Moons
s44,10,darkness,light,dark,ethnic origins,Europeans,Asians,Africans
s27,9,darkness,light,dark,birds,Seagulls,Parrots,Crows
s50,14,darkness,light,dark,times of day,Days,Weekends,Nights
s25,7,darkness,light,dark,people,scandinavians,egyptians,nigerians
s24,9,darkness,light,dark,art supplies,white paint,crayons,charcoal
s46,6,darkness,light,dark,technology,Computer screens,Phones,TVS
s23,15,darkness,light,dark,desserts,Sugar Cookies,Fruit pies,Chocolate cakes
s47,4,darkness,light,dark,races,white people,mexicans,black peopl
s22,3,darkness,light,dark,green,white,light white,red
s21,5,darkness,light,dark,times of day,Mornings,Evenings,Nights
s7,6,darkness,light,dark,Fruit,Oranges,Apples,Plums
s48,10,darkness,light,dark,body part,eyes,skin,hair
s12,13,darkness,light,dark,races,whites,asians,blacks
s49,3,darkness,light,dark,Clothing,Shirts,Clothes,Pants
s20,3,darkness,light,dark,Fruit,Corns,Apples,Grapes
s2,13,darkness,light,dark,times of day,days,dawns,nights
s13,5,darkness,light,dark,objects,sun,paint,moon
s6,13,darkness,light,dark,Nature,Day,Early sun,Night
s19,1,darkness,light,dark,Colors,White,White&Black,Balck
s18,7,darkness,light,dark,same,thick,different,thin
s5,10,darkness,light,dark,glasses,eyeglasses,transition lenses,sunglasses
s17,3,darkness,light,dark,Writing tools,Chalk,Pens,Pencils
s16,14,darkness,light,dark,time of day,mornings,evenings,nights
s14,2,darkness,light,dark,roads,highways,main roads,back roads
s8,8,darkness,light,dark,times of the day,Mornings,Evenings,Nights
s28,6,darkness,light,dark,races/ethnicities,Caucasians,Hispanics,African Americans
s45,6,darkness,light,dark,rooms,sunrooms,bathrooms,closets
s42,4,darkness,light,dark,times,Days,Afternoons,Nights
s30,9,darkness,light,dark,Flowers,Daisies,Roses,Dahlias
s9,7,darkness,light,dark,sights,Days,Crayons,Nights
s33,13,darkness,light,dark,jean,jean,pant,pant
s3,11,darkness,light,dark,weather.,Clear skies,Clouds,Storms
s36,14,darkness,light,dark,human races,Caucasians,Asians,African-Americans
s31,2,darkness,light,dark,time,days,evenings,nights
s41,8,darkness,light,dark,Times of a day,Mornings,Evenings,Nights
s37,5,darkness,light,dark,Colors,White,Grey,Black
s4,12,darkness,light,dark,furniture ,cushions,sofas,tables
s43,2,darkness,light,dark,dogs,poodles,spaniels,pitbulls
s32,3,darkness,light,dark,cats,jaguars,tigers,panthers
s29,4,darkness,light,dark,planet,sun,earth,moon
s38,8,darkness,light,dark,birds,doves,parrots,bats
s10,14,darkness,light,dark,distances from the sun,Days,Twilight hours,Nights
s2,3,hardness,hard,soft,Food,Cucumbers,Eggs,Marshmallows
s49,13,hardness,hard,soft,bedding/furniture,Tables,Blankets,Pillows
s4,6,hardness,hard,soft,fruits,watermelon,tomatoes,grapes
s29,2,hardness,hard,soft,things,wood,paper,bread
s19,4,hardness,hard,soft,Things,Stone,Cement,Cotton
s39,11,hardness,hard,soft,SKILLNESS,STONE,RUBBER,PILLOW
s36,10,hardness,hard,soft,food,apples,bread,ice cream
s5,8,hardness,hard,soft,shoes,cleats,boots,sneakers
s17,5,hardness,hard,soft,Sugary snacks,Chocolate,Fruit candy,Marshmallows
s37,3,hardness,hard,soft,Floors,Wood,Tiles,Carpet
s16,7,hardness,hard,soft,candy,chocolates,toffees,marshmallows
s50,7,hardness,hard,soft,furniture ,Chairs,Beds,Sofas
s33,15,hardness,hard,soft,fever,cotton,fever,cold
s32,12,hardness,hard,soft,candy,skittles,now and laters,taffy
s48,3,hardness,hard,soft,fruit,apples,mangoes,bananas
s40,5,hardness,hard,soft,product and human parts,table,note,screen
s44,2,hardness,hard,soft,furniture,tables,couches,beds
s43,4,hardness,hard,soft,candy,lollipops,chocolate,taffy
s28,2,hardness,hard,soft,fruits,Apples,Bananas,Blueberries
s3,7,hardness,hard,soft,objects.,Rocks,Candies,Pillows
s27,11,hardness,hard,soft,materials,Wood,Wool,Cotton
s42,10,hardness,hard,soft,body parts,skin,penises,bones
s25,9,hardness,hard,soft,seating,stools,benches,sofas
s30,4,hardness,hard,soft,fruit,Coconut,Bananas,Oranges
s45,13,hardness,hard,soft,furniture,tables,chairs,pillows
s24,12,hardness,hard,soft,bed room items,bed post,bed,pillows
s23,10,hardness,hard,soft,bedding,Boxsprings,Mattresses,Pillows
s46,9,hardness,hard,soft,things you find in a house,bricks,couches,pillows
s22,6,hardness,hard,soft,body,teeth,bone,tissue
s41,5,hardness,hard,soft,Surfaces,Iron,Meat,Cotton
s47,14,hardness,hard,soft,sleep stuff,bedboards,pillows,blankets
s21,13,hardness,hard,soft,fruit,Plums,Bananas,Peaches
s31,15,hardness,hard,soft,bedding ,mattresses ,pillows,sheets
s20,10,hardness,hard,soft,Writing objects,Marker ,Pen,Pencil
s14,8,hardness,hard,soft,fruits,apple,peach,banana
s38,2,hardness,hard,soft,fruits,apples,peaches,grapes
s13,9,hardness,hard,soft,objects,rocks,pillow,blanket
s8,3,hardness,hard,soft,crafting material,Clays,Putties,Slimes
s7,2,hardness,hard,soft,Plants,Trees,Bushes,Flowers
s6,4,hardness,hard,soft,product,Rubber,Condom,Cotton
s10,13,hardness,hard,soft,apparel items,Chained armor,clothes,Viscose fabric
s9,6,hardness,hard,soft,texture,Bones,Mattresses,Pillows
s11,9,hardness,hard,soft,Fruit,Apples,Peaches,Bananas
s12,12,hardness,hard,soft,building materials,concrete,wood,plywood
s1,6,hardness,hard,soft,Sports balls,Golf balls,Squash balls,Squash balls
s43,6,height,tall,short,animals,giraffes,monkeys,puppies
s27,2,height,tall,short,plants,Trees,Bushes,Flowers
s28,1,height,tall,short,people,Men,Women,Children
s13,4,height,tall,short,mammals,giraffee,humans,cats
s7,7,height,tall,short,Buildings,Skyscrapers,Apartment buildings,Houses
s44,6,height,tall,short,people,models,kids,dwarves
s17,15,height,tall,short,People,Adults,Children,Babies
s29,13,height,tall,short,animals,zebra ,horuse,rabit
s5,2,height,tall,short,people,Men,women,children
s45,9,height,tall,short,plants,trees,bushs,onions
s42,13,height,tall,short,people,basketball players,people,midgets
s11,14,height,tall,short,Humans,Adults,Kids,Babies
s2,14,height,tall,short,people,african americans,caucasians,asians
s46,2,height,tall,short,People,Men,Kids,Women
s49,4,height,tall,short,Races ,Elves,Humans,Dwarves
s24,1,height,tall,short,living things,trees,people,mushrooms
s23,8,height,tall,short,pants,Bell bottoms,Jeans,Capris
s20,9,height,tall,short,Ethnicity,Europeans,Americans,Mexicans
s22,12,height,tall,short,height and small,graffe,man,cock
s47,10,height,tall,short,humans,giants,"""normal"" people",midgets
s12,9,height,tall,short,races,Blacks,Whites,Asians
s21,6,height,tall,short,flowers,Sunflowers,Tulips,Pansies
s25,11,height,tall,short,plants,trees,flowers,bushes
s3,3,height,tall,short,plants.,Trees,Vines,Grasses
s6,3,height,tall,short,Living things,Boys,Humans,Girls
s32,10,height,tall,short,animals,giraffes,horses,dogs
s37,14,height,tall,short,animals,Giraffe,Bears,Bunnies
s9,13,height,tall,short,size,Adults,People,toddlers
s38,12,height,tall,short,buildings,skyscrapers,office buildings,single floor homes
s14,3,height,tall,short,greenery,trees,plants,shrubs
s36,2,height,tall,short,plants,Trees,vines,shrubs
s1,8,height,tall,short,Athletes ,Basketball players,Golfers,Jockeys
s33,4,height,tall,short,trees,plant,plants,tree
s4,13,height,tall,short,females,women,mothers,girls
s50,4,height,tall,short,people.,Males,Americans,Females
s8,15,height,tall,short,people,Basketball players,White collar workers,Little people
s40,4,height,tall,short,survey,survey ,survey,survey
s10,2,height,tall,short,Homosapiens,Men,Humans,Boys
s48,6,height,tall,short,bread,baguettes,loaves,buns
s31,1,height,tall,short,plants,trees,shrubs,bushes
s41,10,height,tall,short,Ethnicity of People,Europeans,Americans,Asians
s30,5,height,tall,short,Plants,Tree,Shrubs,Herbs
s16,15,height,tall,short,plants,trees,bamboo,bushes
s31,4,length_duration,long,short,worms,earthworms,inch worms,grubworms
s10,5,length_duration,long,short,extremities,Middle finger,Fingers,Index finder
s38,3,length_duration,long,short,pants,dress pants,zip off pants,shorts
s46,15,length_duration,long,short,lengths of hair in people,womens hair lengths,kids hair lengths,guys hair lengths
s23,3,length_duration,long,short,vehicles,Trains,Trucks,Cars
s36,4,length_duration,long,short,firearms,rifles,submachine guns,pistols
s47,1,length_duration,long,short,vehicles,trains,busses,cars
s30,1,length_duration,long,short,dogs,Dachshunds,Bassett Hounds,Chihuahuas
s22,4,length_duration,long,short,metabolism,snake,dog,earthworm
s3,15,length_duration,long,short,animals.,Ferrets,Hamsters,Gerbils
s37,11,length_duration,long,short,Body parts,Legs,Penis,Toes
s42,12,length_duration,long,short,measuring,yardsticks,tape measures,rulers
s12,1,length_duration,long,short,vehicles,busses,trucks,cars
s41,14,length_duration,long,short,Body parts,Legs,Fingers,Toes
s24,3,length_duration,long,short,living beings,snakes,fish,ants
s28,3,length_duration,long,short,clothing,Pants,Skirts,Shorts
s9,10,length_duration,long,short,length,Jeans,Skirts,Shorts
s29,8,length_duration,long,short,humans,adult,child,baby
s25,1,length_duration,long,short,cups,wine glasses,glasses,coffee mugs
s4,15,length_duration,long,short,roads,bridges,driveways ,paths
s43,15,length_duration,long,short,written word,novels,stories,poems
s14,5,length_duration,long,short,writings,novels,stories,article
s32,6,length_duration,long,short,reading utensils,novels,books,short stories
s1,15,length_duration,long,short,atheletes ,basketball players,golfers,jockeys
s11,7,length_duration,long,short,Vehicles ,Buses,Limos,Smartcars
s40,14,length_duration,long,short,vehicle,car,vehicle,bike
s44,5,length_duration,long,short,clothes,pants,dresses,shorts
s27,15,length_duration,long,short,animals,Snakes,Weasels,Monkeys
s33,14,length_duration,long,short,plant,tree,tree,plant
s8,14,length_duration,long,short,entertainment,Series,Movies,Sitcoms
s45,1,length_duration,long,short,roads,highways,routes,streets
s21,3,length_duration,long,short,races,Marathons,Relays,Sprints
s17,6,length_duration,long,short,Units of measuring time,years,days,seconds
s2,5,length_duration,long,short,Entertainment,Movies,Plays,TV Shows
s5,14,length_duration,long,short,clothing,pants,skirts,shorts
s16,13,length_duration,long,short,clothing,pants,skirts,shorts
s48,12,length_duration,long,short,clothing,trousers,capris,shorts
s7,5,length_duration,long,short,Animals,Giraffes,Horses,Dogs
s49,6,length_duration,long,short,items that vary in length,Snakes,Pens,Branches
s50,10,length_duration,long,short,entertainment,Movies,Plays,TV shows
s20,14,length_duration,long,short,Containers for water,Glass,Cup,Mug
s13,1,length_duration,long,short,animals,snakes,turtle,hamster
s19,3,length_duration,long,short,Nature,Train,Life,Rat
s6,2,length_duration,long,short,Properties,Elephant,Trees,Ant
s28,11,loudness,loud,quiet,animals,Donkeys,Dogs,Cats
s27,10,loudness,noisy,quiet,Instruments,Horns,Guitars,Harps
s49,12,loudness,loud,quiet,things that make noise. ,Babies,Noises,Libraries
s10,7,loudness,loud,quiet,Music,Rap concerts,Vocalists,Baroque classical concerts
s13,3,loudness,noisy,quiet,animals,dogs,cats,mice
s30,3,loudness,noisy,quiet,Instruments,Drums,Guitar,Triangle
s6,8,loudness,noisy,quiet,Personalilty,Party,Meeting hall,Church
s49,15,loudness,noisy,quiet,technology,Cars,Phones,Computers
s17,8,loudness,noisy,quiet,Domesticated animals,Pigs,Dogs,Sheep
s6,10,loudness,loud,quiet,Products o fMUsic,Spaekers,Home Thearter,Micro-phone
s3,10,loudness,noisy,quiet,animals.,Children,Cows,Ants
s42,9,loudness,loud,quiet,instruments,Drums,Guitars,Harmonicas
s8,7,loudness,noisy,quiet,pets,Dogs,Cats,Fish
s17,11,loudness,loud,quiet,instruments,drums,guitars,flutes
s3,5,loudness,loud,quiet,pets.,Dogs,Birds,Cats
s29,15,loudness,noisy,quiet,sound productions ,hours,humans,animals
s29,14,loudness,loud,quiet,sounds ,hours,human voice,animals
s42,6,loudness,noisy,quiet,places,Concerts,Offices,Libraries
s10,11,loudness,noisy,quiet,birds,Roosters,fowl,Chickens
s43,5,loudness,noisy,quiet,communication,yells,talking,whispers
s28,5,loudness,noisy,quiet,animals,Parrots,Dogs,Cats
s18,8,loudness,loud,quiet,differnet,sound,same,love
s8,11,loudness,loud,quiet,people,Flamboyant people,Average people,Shy people
s43,11,loudness,loud,quiet,music,metal music,rock music,symphonic music
s5,1,loudness,noisy,quiet,birds,Parrots,Crows,Finches
s11,1,loudness,loud,quiet,Animals,Dogs,Birds,Cats
s44,1,loudness,noisy,quiet,animals,dogs,cats,mice
s21,2,loudness,loud,quiet,people,Babies,Teenagers,Adults
s41,11,loudness,loud,quiet,Ages,GIrls,Matures,Boys
s41,15,loudness,noisy,quiet,places to live,Cities,Towns,Villages
s38,4,loudness,loud,quiet,music,pop music,country music,classical music
s14,7,loudness,noisy,quiet,places to go,concerts,resturants,libraries
s37,10,loudness,loud,quiet,Events/Places,Rock concerts,Parks,Museums
s37,9,loudness,noisy,quiet,Rooms,Clubs,Offices,Libraries
s38,14,loudness,noisy,quiet,pets,parrot,cat,mouse
s39,2,loudness,noisy,quiet,HAPPENS,SHOPPING MARKET,CLASS ROOM,LIABARAY
s39,4,loudness,loud,quiet,CHARACTER,HUMAN BEING,HUMAN,ROBERT
s36,8,loudness,loud,quiet,flying things,airplanes,birds,mosquitos
s36,5,loudness,noisy,quiet,automobiles,conventional cars,diesel cars,electric cars
s14,13,loudness,loud,quiet,school rooms,audtorium,classroom,study hall
s1,7,loudness,loud,quiet,Animals,Elephants,Birds,Snakes
s4,2,loudness,loud,quiet,people,children,men,priests
s16,1,loudness,loud,quiet,instruments,drums,violins,flutes
s33,12,loudness,loud,quiet,cat,cat,cat,dog
s9,5,loudness,loud,quiet,sounds,Drums,Kids,Mice
s33,6,loudness,noisy,quiet,cats,cat,dogs,dog
s4,14,loudness,noisy,quiet,vehicles ,tractors,limos,electric cars
s13,15,loudness,loud,quiet,places to hear,venue,school,library
s1,12,loudness,noisy,quiet,gatherings,frat gatherings,funerals,surguries
s40,2,loudness,loud,quiet,product and animals,speaker,men,snake
s32,9,loudness,loud,quiet,vehicles,semi trucks,ambulances,smart cars
s9,14,loudness,noisy,quiet,sounds,Kids,Neighbors,Lamps
s50,2,loudness,noisy,quiet,appliances,Vacuums ,Fans,Toasters
s32,5,loudness,noisy,quiet,people,children,teens,adults
s16,11,loudness,noisy,quiet,place in a school,gymnasiums,classrooms,libraries
s40,15,loudness,noisy,quiet,sound,sound,sound,silent
s31,7,loudness,noisy,quiet,pets,dogs,parrots,cats
s31,5,loudness,loud,quiet,birds,mockingbirds ,woodpecker,owls
s30,15,loudness,loud,quiet,environments,Playgrounds,Schools,Churches
s5,12,loudness,loud,quiet,entertainment,rock concerts,movies,silent films
s50,5,loudness,loud,quiet,vehicles,Motorcycles,Cars,Scooters
s44,11,loudness,loud,quiet,living creatures,birds,animals,insects
s46,13,loudness,loud,quiet,things at school to play,football games,cheerleADERS,chess games
s47,3,loudness,loud,quiet,animals,parrots,elephants,humming birds
s2,10,loudness,noisy,quiet,public areas,cafes,restaurants,libraries
s23,5,loudness,loud,quiet,mammals,Monkeys,Dogs,Rabbits
s12,3,loudness,noisy,quiet,animals,birds,dogs,cats
s11,12,loudness,noisy,quiet,Vehicles ,Bikes,Buses,Cars
s20,5,loudness,loud,quiet,People,Kids,Teenagers ,Adults
s25,2,loudness,noisy,quiet,animals,birds,dogs,cats
s22,15,loudness,loud,quiet,traffic,sound,road,silence
s45,14,loudness,loud,quiet,birds,roosters,crows,hummingbirds
s27,6,loudness,loud,quiet,animals,Lions,Dogs,Mice
s23,11,loudness,noisy,quiet,cars,Diesel engines,Hybrids,Electric cars
s46,8,loudness,noisy,quiet,generations,kids,teens,adults
s24,10,loudness,noisy,quiet,nature,animals,beach,trees
s20,1,loudness,noisy,quiet,Human,Men,Women,Women
s24,6,loudness,loud,quiet,mammals,lions,cows,giraffe
s45,15,loudness,noisy,quiet,birds,roosters,crows,hummingbirds
s22,7,loudness,noisy,quiet,inside classroom,teacher without class,students,teacher in class
s2,15,loudness,loud,quiet,animals,dogs,cats,rabbits
s7,9,loudness,noisy,quiet,Rodents,Rats,Gerbals,Mice
s21,1,loudness,noisy,quiet,animals,Birds,Dogs,Cats
s25,14,loudness,loud,quiet,vehicles,Motorcycles,Cars,Bicycles
s12,7,loudness,loud,quiet,people,children,adults,teenagers
s48,7,loudness,noisy,quiet,boat,powerboats,paddle boats,row boats
s47,11,loudness,noisy,quiet,animals,birds,elephants,giraffes
s7,10,loudness,loud,quiet,Instruments,Bass guitars,Electric Guitars,Ukeleles
s48,2,loudness,loud,quiet,human,children,teenagers,adults
s10,3,price,expensive,cheap,Vehicles,Cars,Motorcycles,Bicycles
s23,9,price,expensive,cheap,computers,Desktops,Laptops,Chromebooks
s22,5,price,expensive,cheap,measurements,platinum,bronze,covering
s9,12,price,expensive,cheap,prices,Cars,Concert tickets,Newspapers
s37,4,price,expensive,cheap,Stones,Diamond,Gems,Cubic Zirconia
s46,7,price,expensive,cheap,clothing,name brands,walmart,store brands
s20,4,price,expensive,cheap,Vehicles,Trucks,Motorcycles,Cars
s11,15,price,expensive,cheap,Dental Care,Dentists,Toothbrush ,Floss
s38,6,price,expensive,cheap,homes,house,condo,apartment
s41,6,price,expensive,cheap,Leisure Activities,Holidays,Hobbies,Books
s6,5,price,expensive,cheap,Foods,Bear,Nuts,Candies
s36,6,price,expensive,cheap,headphones,Sennheiser headphones,JBL headphones,Sony headphones
s14,15,price,expensive,cheap,shoes,boots,sneakers,sandals
s50,11,price,expensive,cheap,apparel,Suits,Watches,Ties
s48,13,price,expensive,cheap,home,houses,condos,apartments
s39,12,price,expensive,cheap,RATENESS,DIAMOND,GOLD,COFFEE
s16,8,price,expensive,cheap,cars,mercedes,hondas,kias
s30,2,price,expensive,cheap,Spices,Saffron,Garlic Heads,Salt
s47,7,price,expensive,cheap,jewelry,gold jewelry,metal jewelry,plastic jewelery
s32,15,price,expensive,cheap,property,buildings,cars,scooters
s35,13,price,expensive,cheap,they,theythey,they,they
s4,4,price,expensive,cheap,jewelry ,rings,necklaces,bracelets
s33,10,price,expensive,cheap,dress,jewel,jewel,dress
s12,5,price,expensive,cheap,Phones,iPhones,Androids,Androids
s1,9,price,expensive,cheap,Cigars,Arturo Fuente Opus X,Macanudo,Tuscanos
s21,14,price,expensive,cheap,clothing,Bras,Underwear,Socks
s44,13,price,expensive,cheap,vehicles,cars,motor bikes,bikes
s31,6,price,expensive,cheap,items,name brands,sale items ,store brands
s5,5,price,expensive,cheap,transportation,cars,boats,Bikes
s45,8,price,expensive,cheap,cars,bmw's,lexus,chevys
s29,6,price,expensive,cheap,car companies ,rolls royce,jaquar,honda 
s24,7,price,expensive,cheap,clothing,dresses,suits,shirts
s28,15,price,expensive,cheap,fruits,raspberries,strawberries,Bananas
s7,15,price,expensive,cheap,Salts,Himalayan Pink Salt,Sea Salt,Table salt
s49,7,price,expensive,cheap,technology,Headphones,Computers,Earphones
s42,14,price,expensive,cheap,housing,houses,apartments,shopping carts
s25,12,price,expensive,cheap,tickets,airplane ticket,concert tickets,carnival tickets
s17,13,price,expensive,cheap,Metals,Gold,Silver,Iron
s13,8,price,expensive,cheap,places to live,house,condo,apartment
s2,7,price,expensive,cheap,food,Avocados,Shallots,Onions
s43,10,price,expensive,cheap,transportation,cars,bicycles,skateboards
s27,8,price,expensive,cheap,precious stones,Diamonds,Rubies,Cubic zirconia
s8,5,price,expensive,cheap,metals,Gold,Copper,Silver
s3,12,price,expensive,cheap,shoes.,Gucci,Nikes,Reebok
s44,8,size,big,small,people,grown ups,teenagers,kids
s21,7,size,big,small,fruit,Watermelon,Strawberries,Apples
s16,5,size,big,small,plants,trees,bushes,flowers
s14,4,size,big,small,animals,elephants,dogs,mice
s22,9,size,big,small,living organism,elephant,man,ant
s4,10,size,big,small,cats,lions,cheetahs,cats
s47,9,size,big,small,animals,elephants,turtles,birds
s48,4,size,big,small,vehicle,cars,trucks,motorbikes
s33,9,size,big,small,sand,gents,women,man
s11,10,size,big,small,Insects ,Spiders,Moths ,Ants
s27,3,size,big,small,living structures,Skyscrapers,Homes,Henhouses
s28,9,size,big,small,fruits,watermelons,Apples,grapes
s20,13,size,big,small,Object in the universe,Suns,Planets,Moons
s49,8,size,big,small,animals,Elephants,rats,Mice
s38,9,size,big,small,animals,elephant,fish,ant
s37,6,size,big,small,Animals,Elephants,Dogs,Mice
s1,3,size,big,small,fruit,Watermelons,Tomatoes,Kumquats 
s25,13,size,big,small,cars,Range Rovers,Chevrolet,Volkswagons
s6,11,size,big,small,Food,Cock,Chicken,Hen
s45,2,size,big,small,fish,sharks,tuna,herring
s2,1,size,big,small,Domiciles,Hotels,Houses,Apartments
s50,13,size,big,small,animals,Mammals,Reptiles,Insects
s39,6,size,big,small,LENGTH AND BRETH,BUS,CAR,BI-CYCLE
s9,11,size,big,small,size,Elephant,Paycheck,Mice
s36,3,size,big,small,cars,trucks,sedans,smart cars
s42,7,size,big,small,appliances,Refrigerators,Ovens,Toasters
s17,10,size,big,small,land formations,mountains,hills,mounds
s31,13,size,big,small,homes,houses,condos,apartments 
s8,13,size,big,small,insects,Roaches,Spiders,Ants
s10,1,size,big,small,Animals,Dogs,Lions,Cats
s24,11,size,big,small,living beings,elephants,snakes,mice
s13,12,size,big,small,animals,whale,fish,minnows
s30,12,size,big,small,Dogs,Great Danes,Poodles,Chihuahuas
s41,13,size,big,small,Body parts,Hands,Palms,Fingers
s32,2,size,big,small,animals,elephants,cats,ants
s46,4,size,big,small,reptiles,Spiders,snakes,Bugs
s5,4,size,big,small,plants,Trees,Cacti,Ferns
s3,4,size,big,small,celestial bodies.,Stars,Planets,Moons
s12,2,size,big,small,vehicles,busses,trucks,cars
s7,11,size,big,small,Gourds,Pumpkins,Squash,Zucchini
s23,13,size,big,small,rodents,Beavers,Rats,Hamsters
s43,1,size,big,small,written word,Novels,Stories,poems
s6,1,speed,fast,slow,sometimes,Rabbit,Humans,Torque
s38,11,speed,fast,slow,insects,flies,spiders,beetles
s47,15,speed,quick,slow,animals,ostriches,people,turtles
s48,11,speed,quick,slow,athlete,runners,joggers,walkers
s42,1,speed,quick,slow,Animals,Cheetahs,Dogs,Turtles
s49,5,speed,fast,slow,speeds,Rabbits,Humans,Turtles
s48,5,speed,fast,slow,mammals,cheetahs,dogs,sloths
s38,7,speed,quick,slow,animals,rabbits,snakes,tutles
s44,14,speed,quick,slow,animals,cheetahs,dogs,turtles
s46,3,speed,quick,slow,different ways to cook dinner.,Instant pots,Pots and pans,Crockpots
s42,8,speed,fast,slow,people,Runners,Joggers,Walkers
s49,10,speed,quick,slow,speed of species. ,Cheetahs,Humans,Turtles
s6,6,speed,quick,slow,Electronies,net,Mobile,charge
s46,1,speed,fast,slow,Vehicles,Motorcycles,Cars,Trucks
s39,9,speed,quick,slow,SPEED,ROCKET,CAR,CYCLE
s43,8,speed,quick,slow,animals,cheetahs,birds,turtles
s50,3,speed,fast,slow,football players,Running Backs,Quarterbacks,Offensive Linemen
s9,9,speed,quick,slow,movement,Rabbits,Snakes,Worms
s47,2,speed,fast,slow,animals,cheetas,humans,turtles
s45,12,speed,fast,slow,boats,speedboats,sailboats,rowboats
s9,8,speed,fast,slow,movement,Deer,Senior Citizens,Turtles
s7,4,speed,quick,slow,Animals,Cheetas,Rabbits,Turtles
s50,1,speed,quick,slow,animals,Rabbits,Cats,Turtles
s43,12,speed,fast,slow,animals,roadrunners,hyenas,sloths
s4,3,speed,quick,slow,bugs,centipedes ,mosquitoes,ants
s8,12,speed,fast,slow,animals,Cheetahs,Elephants,Sloths
s45,4,speed,quick,slow,animals,cheetahs,dogs,turtles
s41,4,speed,quick,slow,Cars,Mercedes,BMW,Tata
s44,4,speed,fast,slow,reptiles,snakes,lizards,turtles
s8,9,speed,quick,slow,animals,Rabbits,Raccoons,Turtles
s41,7,speed,fast,slow,Animals,Rabbits,Dogs,Turtles
s5,6,speed,quick,slow,pets,rabbits,cats,turtles
s39,10,speed,fast,slow,SPEED,AEROPLANE,CAR,CYCLE
s7,12,speed,fast,slow,Vehicles,Motorcycles,Electric Scooters,Bikes
s5,13,speed,fast,slow,athletes,runners,skiiers,weight lifters
s4,11,speed,fast,slow,dogs,german shepards,golden labradors,bulldogs
s32,7,speed,quick,slow,food options,fast food,take out,restaraunts
s37,15,speed,fast,slow,Vehicles,Planes,Cars,Wagons
s29,5,speed,fast,slow,animals ,hourse,monkey,elephant 
s29,7,speed,quick,slow,management,idea,processing,implemet
s2,9,speed,fast,slow,transportation,trains,cars,buses
s3,2,speed,quick,slow,animals.,Cheetahs,Bears,Sloths
s2,2,speed,quick,slow,Animals,Fish,Birds,Sloths
s3,13,speed,fast,slow,transportation.,Planes,Cars,Trolleys
s28,14,speed,quick,slow,people,Adults,Children,Elderly people
s30,6,speed,quick,slow,animals,Hare,Coyote,Turtle
s17,9,speed,quick,slow,Vehicles,Airplanes,Cars,Trolleys
s31,9,speed,quick,slow,two wheeler ,motorcycles ,ebikes,bicycles 
s31,10,speed,fast,slow,aircrafts,planes,helicopters ,gliders 
s17,4,speed,fast,slow,Animals,Rabbits,Cats,Turtles
s16,10,speed,fast,slow,cats,cheetahs,tigers,house cats
s16,9,speed,quick,slow,insects,flies,spiders,snails
s30,13,speed,fast,slow,transportation,Cars,Bikes,Walks
s32,4,speed,fast,slow,cats,cheetahs,lions,housecats
s20,7,speed,quick,slow,Vehicles,Airplanes,Cars,Bus
s20,15,speed,fast,slow,Animals,Cheetah ,Horse,Lizard
s23,14,speed,quick,slow,cars,Race cars,Taxi cabs,Priuses
s23,2,speed,fast,slow,reptiles,Snakes,Lizards,Turtles
s24,5,speed,quick,slow,land animals,cheetah,elephant,turtle
s24,14,speed,fast,slow,vehicles,cars,bikes,tractors
s25,3,speed,fast,slow,animals,rabbits,ducks,turtles
s22,10,speed,quick,slow,types,horse,man,rabbit
s28,12,speed,fast,slow,animals,Cheetahs,Elephants,turtles
s25,5,speed,quick,slow,vehicles,cars,bikes,wagons
s10,12,speed,fast,slow,modes of transportation,Airplanes,Motorbikes,Cars
s27,1,speed,quick,slow,animals,Rabbits,Cows,Turtles
s10,10,speed,quick,slow,Animals,Foxes,Alligators,Sloths
s21,11,speed,quick,slow,animals,Birds,Dogs,Turtles
s27,13,speed,fast,slow,vehicles of transportation,Airplanes,Cars,Bicycles
s21,9,speed,fast,slow,transportation,Planes,Cars,Buses
s22,2,speed,fast,slow,snake,rabbit,man,tortise
s1,13,speed,quick,slow,animals,cheetahs,alligators,turtles 
s19,5,speed,quick,slow,Animals,Rabbit,Frog,Tortoise
s36,9,speed,fast,slow,internet connections,fiber optic connections,cable connections,dial up connections
s12,15,speed,fast,slow,workers,construction workers,fast food workers,government workers
s37,8,speed,quick,slow,Animals,Cheetah,Deers,Turtle
s13,2,speed,fast,slow,animals,cheetah,dog,turtle
s1,4,speed,fast,slow,motor vehicles ,Dragsters,Passenger cars,Scooters
s12,4,speed,quick,slow,animals,rabbits,dogs,turtles
s13,13,speed,quick,slow,animals,cheetah,bear,turtle
s36,7,speed,quick,slow,wheeled vehicles,cars,bicycles,wheelbarrows
s35,14,speed,quick,slow,they,rrun,none,bike
s11,13,speed,quick,slow,Animals,Rabbits,Cats,Turtles
s33,8,speed,fast,slow,soil,car,sand,bike
s14,11,speed,fast,slow,methods of travel,cars,bus,bycicle
s11,2,speed,fast,slow,Vehicles ,Cars,Bikes,Carriages
s14,14,speed,quick,slow,restaurant,mcdonalds,5 guys,longhorn
s33,5,speed,quick,slow,vehicle,car,car bike,bike
s50,12,strength,strong,weak,homes,Mansions,hotels,Shacks
s8,4,strength,strong,weak,people,Muscular people,Average people,Frail people
s49,1,strength,strong,weak,People,Men,Teenagers,Women
s39,8,strength,strong,weak,STROUNGNESS,BUILDING,BUILDING,BASEMENT
s20,12,strength,strong,weak,Countries,Americans,Europeans,Indians
s28,10,strength,strong,weak,people,Men,Women,Babies
s21,4,strength,strong,weak,people,Adults,Children,Babies
s33,3,strength,strong,weak,particles,soil,soil&sand,sand
s36,13,strength,strong,weak,people,body builders,adults,children
s44,9,strength,strong,weak,people,men,women,kids
s27,12,strength,strong,weak,people,Men,Children,Women
s13,10,strength,strong,weak,animals,lions,dog,mice
s48,1,strength,strong,weak,plants,trees,bushes,flowers
s45,3,strength,strong,weak,storms,tornadoes,thunderstorms,raiin
s25,10,strength,strong,weak,people,men,women,babies
s10,15,strength,strong,weak,Nations,Often big nations,Nations experiencing economic downturn,Often small nations
s6,14,strength,strong,weak,Mentality,BIg tree,Human mind,Small plant
s16,3,strength,strong,weak,age groups,Young people,Middle age people,Elderly people
s7,3,strength,strong,weak,People,Men,Women,Children
s47,5,strength,strong,weak,genders,men,women,women
s22,11,strength,strong,weak,solid substances,rock,gold,pencil
s24,4,strength,strong,weak,Building material,Metal,Wood,Plastic
s37,13,strength,strong,weak,drinks,Coffee,Tea,Water
s23,6,strength,strong,weak,people,Men,Teenagers,Babies
s12,14,strength,strong,weak,sports players,wrestlers,cyclists,tennis players
s46,12,strength,strong,weak,people,men,kids,women
s38,13,strength,strong,weak,parts of a tree,trunk,roots,twig
s29,9,strength,strong,weak,material ,steel,wood,plastics 
s32,14,strength,strong,weak,people,adult men,adult women,children
s43,3,strength,strong,weak,humans,men,women,children
s3,8,strength,strong,weak,tree parts.,Limbs,Branches,Twigs
s5,7,strength,strong,weak,metals,iron,aluminum,gold
s41,2,strength,strong,weak,Athletes,Sprinters,Mid-Distance Runners,Marathon Runners
s30,14,strength,strong,weak,Building Materials,Brick,Wood,Paper
s4,9,strength,strong,weak,trees,trunks,branches,leaves
s11,8,strength,strong,weak,Building material,Bricks,Clay,Straws
s9,4,strength,strong,weak,humans,Weighlifters,People,Babies
s31,8,strength,strong,weak,weather events,hurricanes,storms,tropical storms 
s42,15,strength,strong,weak,people,adults,teenagers,children
s14,1,strength,strong,weak,humans,grown men,older people,kids
s2,11,strength,strong,weak,animals,gorillas,monkeys,rabbits
s1,11,strength,strong,weak,animals,gorrillas,humans,turtles
s17,7,strength,strong,weak,Metals,Steel,Aluminum,Gold
s11,3,temperature,warm,cold,Food,Soup,Eggs,Ice cream
s22,1,temperature,warm,cold,methods,water,water,ice
s5,3,temperature,hot,cold,drinks,Coffees,Teas,Milkshakes
s17,14,temperature,warm,cold,Seasons,Summers,Spring,Winters
s50,6,temperature,warm,cold,Seasons,Summers,Springs,Winters
s22,8,temperature,hot,cold,water,tea ,water,icecream
s5,15,temperature,warm,cold,water,hot tubs,pools,oceans
s47,6,temperature,warm,cold,beverages,hot cocoa,tea,ice
s7,14,temperature,hot,cold,Food,Grilled cheese,Pasta,Ice cream
s18,12,temperature,hot,cold,sometimes,heat,generally,cool
s23,1,temperature,hot,cold,beverages,Cocoas,Teas,Milkshakes
s11,11,temperature,hot,cold,Beverages,Coffee,Tea,Water
s8,1,temperature,hot,cold,seasons,Summer days,Fall days,Winter days
s50,15,temperature,hot,cold,Food,Soups,Subs,Drinks
s6,12,temperature,hot,cold,Drinkers,Tea,JUice,Ice-cream
s13,6,temperature,hot,cold,seasons,summer,fall,winter
s20,2,temperature,warm,cold,Drinks,Coffee,Water,Cokes
s7,13,temperature,warm,cold,Drinks,Hot chocolate,Coffee,Chocolate Milk
s13,14,temperature,warm,cold,drinks,tea,coffee,soda pop
s20,8,temperature,hot,cold,Desserts ,Pizza,Cakes,Ice cream
s17,1,temperature,hot,cold,Soups,Pho,Vichyssoise,Naengguk
s48,9,temperature,warm,cold,clothing,jackets,shirts,tank tops
s48,8,temperature,hot,cold,drink,coffees,teas,milkshakes
s6,7,temperature,warm,cold,Drinks,Coffee,Lemon,Juice
s46,11,temperature,warm,cold,people,boys,teens,girls
s49,11,temperature,warm,cold,seasons. ,Summers,Spring,Winter
s2,4,temperature,warm,cold,Clothing,Sweaters,Flannels,Shirts
s16,12,temperature,hot,cold,things in a kitchen,stoves,pantry,freezers
s14,9,temperature,warm,cold,areas of water,jacuzzi,swimming pools,ocean water
s21,10,temperature,hot,cold,food,Soups,Sandwiches,Salads
s49,14,temperature,hot,cold,drinks,Coffee,Tea,Milk
s14,10,temperature,hot,cold,beverages,coffe,tea,ice water
s47,13,temperature,hot,cold,beverages,coffee,tea,milk
s2,12,temperature,hot,cold,drinks,tea,coffees,milk
s21,8,temperature,warm,cold,drinks,Coffees,Teas,Sodas
s16,6,temperature,warm,cold,seasons,summers,falls,winters
s45,11,temperature,hot,cold,celestial objects,stars,meteors,moons
s12,8,temperature,warm,cold,drinks,tea,coffee,soda
s39,7,temperature,hot,cold,HOT OR COLD,COFFEE,COFFEE,JUICE
s40,7,temperature,warm,cold,human and sports,match,human,men 
s29,3,temperature,hot,cold,items ,tea,abric,ice
s43,9,temperature,hot,cold,liquids,boiled water,soup,icecubes
s9,1,temperature,hot,cold,Seasons,Summers,Spring seasons,Winters
s35,8,temperature,warm,cold,they,theythey,they,they
s29,11,temperature,warm,cold,nature ,fire,ice,water
s33,11,temperature,hot,cold,tea,coffee,tea,water
s4,7,temperature,hot,cold,appliances ,toasters,dish washers,refrigerators
s4,8,temperature,warm,cold,body parts,hands,noses,feet
s9,3,temperature,warm,cold,temperatures,Baths,People,Winters
s42,11,temperature,hot,cold,places,saunas,pools,freezers
s10,8,temperature,hot,cold,Days,Summer days,Holidays,Winter days
s3,9,temperature,hot,cold,food.,Steaks,Soups,Ice creams
s33,2,temperature,warm,cold,liquid,water,water&coffee,coffee
s23,7,temperature,warm,cold,seasons,Summers,Springs,Winters
s42,2,temperature,warm,cold,food,Soups,Meals,Salads
s30,8,temperature,warm,cold,drinks,Coffee,Tea,Milk
s30,11,temperature,hot,cold,soup,Beef Stews,Vichyssoise,Gazpachos
s31,3,temperature,hot,cold,seasons ,summers ,falls,winters
s10,4,temperature,warm,cold,Liquids,Boiling pots of water,Lukewarm water dispensers,Iced cups of water
s32,8,temperature,hot,cold,liquid,boiling water,water,ice
s31,11,temperature,warm,cold,states weather,Florida springs,Virginia springs,Alaska springs
s1,14,temperature,hot,cold,seasons,summer days,spring days,winter days
s41,3,temperature,hot,cold,Drinks,Teas,Chocolates,Juices
s41,1,temperature,warm,cold,Seasons,Summers,Falls,WInters
s3,14,temperature,warm,cold,clothes.,Jackets,Pants,Shorts
s36,11,temperature,warm,cold,beverages,hot cocoa,coffee,beer
s32,1,temperature,warm,cold,temperatures,A's,C's,B's
s43,14,temperature,warm,cold,seasons,summers,autumn,winters
s12,11,temperature,hot,cold,emotions,angry emotions,love emotions,apathetic emotions
s8,10,temperature,warm,cold,elements,Gas,Water,Ice
s1,2,temperature,warm,cold,seasons,Summer days ,Spring,Winter days
s25,6,temperature,hot,cold,beverages,tea,coffee,milkshakes
s37,1,temperature,hot,cold,foods,Soups,Dessert,Salads
s45,5,temperature,warm,cold,seasons,summers,springs,winters
s27,4,temperature,warm,cold,mountain regions,Valleys,mountainsides ,Mountain tops
s36,15,temperature,hot,cold,appliances,Stoves,Washing machines,Refrigerators
s25,4,temperature,warm,cold,seasons,summers,spring,winters
s38,15,temperature,warm,cold,weather,sun rays,rain,snow
s46,5,temperature,hot,cold,weather,Sun,Rain,Snow
s44,12,temperature,hot,cold,food,stews,puddings,devilled eggs
s39,1,temperature,warm,cold,SEASON,SUMMER,SPRING,WINTER
s37,12,temperature,warm,cold,cities,Los Angeles,San Francisco,Juneau
s38,5,temperature,hot,cold,drinks,hot coffee,coffee,ice tea
s28,4,temperature,hot,cold,drinks,Teas,Coffees,Sodas
s28,7,temperature,warm,cold,seasons,Summers,Springs,Winters
s44,3,temperature,warm,cold,food,soups,pies,salads
s24,2,temperature,warm,cold,inanimate objects,mittens,metal,ice
s27,5,temperature,hot,cold,water states,Boiling waters,Tap water,Ice cubes
s24,15,temperature,hot,cold,drinks,hot chocolate,coffee,soda
s16,4,weight,heavy,light,animals,elephants,dogs,fish
s37,7,weight,heavy,light,Humans,Adult men,Kids,Babies
s32,11,weight,heavy,light,noise devices,PA speakers,computer speakers,headphones
s6,15,weight,heavy,light,Nature,Book,Students mind,Pen
s50,9,weight,heavy,light,meals,Dinners,Breakfasts,Lunches
s7,1,weight,heavy,light,Electronic devices ,Laptops,Tablets,Phones
s33,1,weight,heavy,light,objects,steel,cottion steel,cotton
s39,5,weight,heavy,light,WEIGHT,BUNDLES,BEDS,SPOUNCH
s14,12,weight,heavy,light,furniture,couch,chair,coffee table
s12,6,weight,heavy,light,computers,tower computers,tablets,laptops
s4,1,weight,heavy,light,objects,rocks,boxes,feathers
s36,12,weight,heavy,light,things you sleep on,bed frames,mattresses,pillows
s13,11,weight,heavy,light,objects,couch,weights,pillow
s40,1,weight,heavy,light,product ,plywoods,plastic ,paper
s1,5,weight,heavy,light,furniture ,Dinner tables,Beds,Foot stools
s23,12,weight,heavy,light,exercise equipment,Weights,Kettle balls,Jump ropes
s17,2,weight,heavy,light,Bags,Mountaineering backpack,Bookbag,Fanny pack
s46,14,weight,heavy,light,things to move in a house,furniture,toys,tvs
s38,1,weight,heavy,light,objects,rocks,books,feathers
s24,8,weight,heavy,light,man made objects,bowling ball,car,hat
s22,14,weight,heavy,light,light and heavy,stone,rock,dust
s47,8,weight,heavy,light,pavers,bricks,dirt,bark
s45,10,weight,heavy,light,rocks,boulders,gravel,pumice
s25,8,weight,heavy,light,animals,elephants,dogs,birds
s21,12,weight,heavy,light,computers,Desktops,Laptops,Tablets
s44,7,weight,heavy,light,materials,wools,cottons,silks
s27,14,weight,heavy,light,materials,Metal,Wood,Fibers
s28,8,weight,heavy,light,vehicles,Cars,motorcycles,bikes
s8,6,weight,heavy,light,precipitation,Rain,Snow,Clouds
s31,14,weight,heavy,light,cat litter,regular cat litters,cat litters can be ,lightweight cat litters
s48,14,weight,heavy,light,Geologitic items,rocks,stones,pebbles
s43,13,weight,heavy,light,currency,coins,plastic,bills
s20,6,weight,heavy,light,Food,Wings,Meats,Sandwich
s5,11,weight,heavy,light,farm animals,horses,pigs,ducks
s41,12,weight,heavy,light,material,Silver,Iron,Cotton
s30,10,weight,heavy,light,Fruit,Cantaloupe,Watermelon,Apples
s18,9,weight,heavy,light,positive,work,positive,bright
s42,5,weight,heavy,light,vehicles,Trucks,Cars,Bikes
s11,6,weight,heavy,light,Vegetables,Watermelons,Squash,Grapes
s3,1,weight,heavy,light,materials.,Metals,Textiles,Fabrics
s49,9,weight,heavy,light,rocks.,Boulders,Rocks,Stones
s2,8,weight,heavy,light,electronics,televisions,laptops,phones
s29,12,weight,heavy,light,material,steal,books,cotton
s9,2,weight,heavy,light,weights,Refrigerators,Kids,Babies
s10,6,weight,heavy,light,objects,Bricks,Sand bags,Feathers
s10,9,width,wide,narrow,holes in the Earth,Caves,Caverns,Fox holes
s8,2,width,wide,narrow,roadways,Highways,Downtown streets,Side roads
s1,10,width,wide,narrow,waterways ,Oceans,Waterfalls,Creeks
s11,5,width,wide,narrow,Entrances,Entrances,Doors,Paths
s23,4,width,wide,narrow,roadways,Avenues,Streets,Lanes
s12,10,width,wide,narrow,pets,dogs,dogs,cats
s27,7,width,wide,narrow,pathways,Bridges,Roads,Hiking paths
s28,13,width,wide,narrow,vehicles,Cars,Motorcycles,Bikes
s43,7,width,wide,narrow,roads,highways,avenues,streets
s29,10,width,wide,narrow,places,ground,class,way
s3,6,width,wide,narrow,waterways.,Rivers,Streams,Creeks
s30,7,width,wide,narrow,doors,Sliding Glass ,Barn,Wooden Frame
s42,3,width,wide,narrow,things,Streets,Boxes,Alleys
s41,9,width,wide,narrow,places to stay,Palaces,Houses,Apartments
s31,12,width,wide,narrow,seating ,sofas,loveseats,recliner seats
s32,13,width,wide,narrow,public access,freeways,streets,sidewalks
s33,7,width,wide,narrow,dione,grease,settle,oil
s4,5,width,wide,narrow,vegetables ,cucumbers,squash ,carrots
s36,1,width,wide,narrow,Roads,highways,two lane roads,one-way streets
s37,2,width,wide,narrow,Roads,Freeways,Roads,Alleyways
s38,10,width,wide,narrow,walkways,road,crosswalk,bridge
s44,15,width,wide,narrow,roads,motorways,avenues,lanes
s7,8,width,wide,narrow,Vehicles,Trucks,Cars,Bikes
s25,15,width,wide,narrow,paths,Streets,Bridges,Hallways
s24,13,width,wide,narrow,circular objects,wheel,pipe,straw
s13,7,width,wide,narrow,objects,hallway,roads,sidewalks
s6,9,width,wide,narrow,sports,Ball,Cricket ball,Compass
s14,6,width,wide,narrow,paths,atv paths,walking paths,bike paths
s16,2,width,wide,narrow,vehicles,trucks,cars,golf carts
s50,8,width,wide,narrow,facial features,Mouths,Eyes,Noses
s5,9,width,wide,narrow,streets,highways,roads,alleys
s17,12,width,wide,narrow,Land formations,Canyons,crevices,cracks
s19,2,width,wide,narrow,Laocation,Length,Length & Srtaight,Straight
s2,6,width,wide,narrow,Streets,Highways,Lanes,Alleys
s49,2,width,wide,narrow,Geography,Roads,Rivers,Paths
s48,15,width,wide,narrow,body parts,hips,stomachs,shoulders
s20,11,width,wide,narrow,Shoes,Tennis shoes,Sandals,Boots
s21,15,width,wide,narrow,vehicles,Trucks,Cars,Bikes
s47,12,width,wide,narrow,humans,fat people,normal people,skinny people
s46,10,width,wide,narrow,people,fat people,kids,skinny peole
s45,7,width,wide,narrow,waterways,rivers,streams,creeks
s9,15,width,wide,narrow,lenght,Oceans,Rivers,Roads
